temperature_celsius,condition_text,wind_kph,pressure_mb,precip_mm,humidity,cloud,feels_like_celsius,visibility_km,uv_index,gust_kph,air_quality_Carbon_Monoxide,air_quality_Ozone,air_quality_Nitrogen_dioxide,air_quality_Sulphur_dioxide,air_quality_PM2.5,air_quality_PM10,air_quality_us-epa-index,air_quality_gb-defra-index,moon_phase,moon_illumination,year,month,day,hour,year_month,season,pm_lag,wind_lag,uv_lag,humidity_lag,cloud_lag,Humidity_over_Cloud,Humidity_over_Temp,Humidity_over_Visibility,Gust_over_Wind,is_day
31.0,Cloudy,15.1,1007.0,0.11,75,25,32.7,10.0,8.0,18.2,3898.6,0.0,85.0,80.1,115.2,163.7,4,10,Waxing Gibbous,55,2024,5,16,15,2024-05,Hot,,,,,,3.0,2.4193548387096775,7.5,1.205298013245033,1
30.0,Cloudy,11.2,1009.0,0.0,79,25,33.7,10.0,1.0,20.9,5714.4,0.0,61.7,69.6,150.8,212.3,5,10,Waxing Gibbous,55,2024,5,16,21,2024-05,Hot,115.2,15.1,8.0,75.0,25.0,3.16,2.6333333333333333,7.9,1.8660714285714286,0
31.0,Cloudy,9.0,1005.0,0.0,75,25,36.5,10.0,1.0,24.1,1615.5,0.0,30.9,25.3,33.2,51.4,2,3,Waxing Gibbous,73,2024,5,18,21,2024-05,Hot,150.8,11.2,1.0,79.0,25.0,3.0,2.4193548387096775,7.5,2.677777777777778,0
27.0,Thunder,9.0,1006.0,0.0,89,50,29.3,9.0,1.0,23.2,881.2,0.0,14.6,19.3,14.8,28.0,1,2,Waxing Gibbous,81,2024,5,19,21,2024-05,Hot,33.2,9.0,1.0,75.0,25.0,1.78,3.2962962962962963,9.88888888888889,2.5777777777777775,0
30.0,Cloudy,6.1,1006.0,0.0,84,25,34.2,10.0,1.0,24.8,2910.6,0.0,30.2,40.1,65.0,106.7,3,9,Waxing Gibbous,88,2024,5,20,21,2024-05,Hot,14.8,9.0,1.0,89.0,50.0,3.36,2.8,8.4,4.065573770491803,0
27.0,Rain,3.6,1008.0,0.88,89,25,30.9,10.0,1.0,37.5,1401.9,0.0,21.3,24.1,25.9,46.9,2,3,Waxing Gibbous,93,2024,5,21,21,2024-05,Hot,65.0,6.1,1.0,84.0,25.0,3.56,3.2962962962962963,8.9,10.416666666666666,0
30.0,Cloudy,9.0,1008.0,0.0,75,50,35.1,10.0,1.0,17.0,1428.6,0.0,21.9,25.8,26.1,46.3,2,3,Waxing Gibbous,97,2024,5,22,21,2024-05,Hot,25.9,3.6,1.0,89.0,25.0,1.5,2.5,7.5,1.8888888888888888,0
27.0,Rain,6.8,1007.0,0.0,94,50,30.6,8.0,1.0,14.6,1455.3,0.0,32.2,29.6,28.5,42.2,2,3,Full Moon,100,2024,5,23,21,2024-05,Hot,26.1,9.0,1.0,75.0,50.0,1.88,3.4814814814814814,11.75,2.1470588235294117,0
30.0,Cloudy,13.0,1008.0,0.0,75,25,38.7,10.0,1.0,20.2,1615.5,0.0,40.1,37.2,31.7,52.0,2,3,Waning Gibbous,100,2024,5,24,21,2024-05,Hot,28.5,6.8,1.0,94.0,50.0,3.0,2.5,7.5,1.5538461538461539,0
30.0,Cloudy,6.1,1008.0,0.0,79,25,35.3,10.0,1.0,13.1,1041.4,0.1,25.4,21.7,18.3,31.0,2,2,Waning Gibbous,98,2024,5,25,21,2024-05,Hot,31.7,13.0,1.0,75.0,25.0,3.16,2.6333333333333333,7.9,2.1475409836065573,0
26.0,Rain,19.1,1008.0,0.0,84,50,28.0,9.0,1.0,26.3,1014.7,0.2,25.7,19.6,18.4,33.6,2,2,Waning Gibbous,93,2024,5,26,21,2024-05,Hot,18.3,6.1,1.0,79.0,25.0,1.68,3.230769230769231,9.333333333333334,1.3769633507853403,0
32.0,Cloudy,3.6,1008.0,0.0,67,25,37.1,10.0,1.0,16.0,1535.4,0.0,28.8,32.4,32.7,57.4,2,3,Waning Gibbous,87,2024,5,27,21,2024-05,Hot,18.4,19.1,1.0,84.0,50.0,2.68,2.09375,6.7,4.444444444444445,0
30.0,Cloudy,6.8,1007.0,0.0,66,50,33.3,10.0,1.0,21.4,1842.5,0.0,33.2,36.2,38.4,64.9,2,4,Waning Gibbous,79,2024,5,28,21,2024-05,Hot,32.7,3.6,1.0,67.0,25.0,1.32,2.2,6.6,3.1470588235294117,0
32.0,Cloudy,11.2,1006.0,0.0,67,25,38.2,10.0,1.0,16.3,1655.6,0.0,31.9,30.5,33.0,57.9,2,3,Waning Gibbous,69,2024,5,29,21,2024-05,Hot,38.4,6.8,1.0,66.0,50.0,2.68,2.09375,6.7,1.455357142857143,0
27.0,Thunder,19.1,1007.0,0.07,94,75,29.0,9.0,1.0,23.5,2269.8,0.0,34.3,37.7,39.9,67.2,2,4,Last Quarter,58,2024,5,30,20,2024-05,Hot,33.0,11.2,1.0,67.0,25.0,1.2533333333333334,3.4814814814814814,10.444444444444445,1.2303664921465967,0
27.0,Rain,9.0,1008.0,0.0,89,50,28.9,9.0,1.0,25.7,1735.7,0.0,27.8,31.5,33.2,57.0,2,3,Waning Crescent,47,2024,5,31,21,2024-05,Hot,39.9,19.1,1.0,94.0,75.0,1.78,3.2962962962962963,9.88888888888889,2.8555555555555556,0
30.0,Cloudy,9.0,1010.0,0.0,75,25,35.9,10.0,1.0,25.6,1842.5,0.0,28.5,34.8,35.3,58.3,2,3,Waning Crescent,35,2024,6,1,21,2024-06,Rainy,33.2,9.0,1.0,89.0,50.0,3.0,2.5,7.5,2.8444444444444446,0
30.0,Cloudy,19.1,1011.0,0.0,70,25,34.4,10.0,1.0,26.3,1735.7,0.0,26.4,25.8,33.6,58.8,2,3,Waning Crescent,25,2024,6,2,21,2024-06,Rainy,35.3,9.0,1.0,75.0,25.0,2.8,2.3333333333333335,7.0,1.3769633507853403,0
31.0,Cloudy,11.2,1009.0,0.0,63,25,35.8,10.0,1.0,18.4,1522.1,0.0,19.0,21.7,33.2,68.6,2,3,Waning Crescent,16,2024,6,3,21,2024-06,Rainy,33.6,19.1,1.0,70.0,25.0,2.52,2.032258064516129,6.3,1.6428571428571428,0
32.0,Cloudy,13.0,1008.0,0.0,67,25,40.0,10.0,1.0,20.2,1735.7,0.0,22.6,27.9,35.7,79.9,2,3,Waning Crescent,8,2024,6,4,21,2024-06,Rainy,33.2,11.2,1.0,63.0,25.0,2.68,2.09375,6.7,1.5538461538461539,0
32.0,Cloudy,19.1,1009.0,0.0,56,25,35.9,10.0,1.0,26.3,2029.4,0.0,27.8,30.5,40.2,70.6,2,4,Waning Crescent,3,2024,6,5,21,2024-06,Rainy,35.7,13.0,1.0,67.0,25.0,2.24,1.75,5.6,1.3769633507853403,0
31.0,Cloudy,16.9,1009.0,0.0,71,25,36.5,10.0,1.0,21.0,1161.6,0.0,28.1,24.1,20.7,52.8,2,2,New Moon,0,2024,6,6,21,2024-06,Rainy,40.2,19.1,1.0,56.0,25.0,2.84,2.2903225806451615,7.1,1.2426035502958581,0
31.2,Cloudy,13.0,1007.0,0.0,66,50,35.6,10.0,1.0,16.0,1108.2,0.0,26.1,21.0,19.3,49.2,2,2,Waxing Crescent,0,2024,6,7,21,2024-06,Rainy,20.7,16.9,1.0,71.0,25.0,1.32,2.1153846153846154,6.6,1.2307692307692308,0
31.4,Cloudy,15.1,1006.0,0.01,63,25,37.9,10.0,1.0,22.3,507.4,8.2,20.2,10.5,6.6,19.8,1,1,Waxing Crescent,3,2024,6,8,21,2024-06,Rainy,19.3,13.0,1.0,66.0,50.0,2.52,2.0063694267515926,6.3,1.4768211920529801,0
31.4,Cloudy,16.9,1006.0,0.0,66,25,36.9,10.0,1.0,20.0,1174.9,0.0,23.0,17.9,20.3,45.3,2,2,Waxing Crescent,7,2024,6,9,21,2024-06,Rainy,6.6,15.1,1.0,63.0,25.0,2.64,2.1019108280254777,6.6,1.183431952662722,0
30.1,Cloudy,13.0,1008.0,0.05,66,25,35.7,10.0,1.0,24.6,734.3,0.4,22.3,17.4,11.1,32.0,1,1,Waxing Crescent,13,2024,6,10,21,2024-06,Rainy,20.3,16.9,1.0,66.0,25.0,2.64,2.192691029900332,6.6,1.8923076923076925,0
29.3,Cloudy,9.0,1008.0,0.0,75,25,32.5,10.0,1.0,18.6,1014.7,0.0,24.0,21.9,17.7,45.9,2,2,Waxing Crescent,21,2024,6,11,21,2024-06,Rainy,11.1,13.0,1.0,66.0,25.0,3.0,2.5597269624573378,7.5,2.066666666666667,0
30.1,Cloudy,9.0,1010.0,0.0,75,25,33.4,10.0,1.0,17.6,1815.8,0.0,32.2,34.8,34.4,58.2,2,3,Waxing Crescent,29,2024,6,12,21,2024-06,Rainy,17.7,9.0,1.0,75.0,25.0,3.0,2.491694352159468,7.5,1.9555555555555557,0
32.1,Cloudy,13.0,1007.0,0.0,67,25,35.2,10.0,1.0,22.8,2269.8,0.0,28.1,29.6,44.2,91.3,3,5,Waxing Crescent,38,2024,6,13,21,2024-06,Rainy,34.4,9.0,1.0,75.0,25.0,2.68,2.087227414330218,6.7,1.7538461538461538,0
28.3,Rain,9.0,1007.0,0.0,79,50,29.1,9.0,1.0,19.8,1762.4,0.0,27.8,30.3,34.6,76.1,2,3,First Quarter,48,2024,6,14,21,2024-06,Rainy,44.2,13.0,1.0,67.0,25.0,1.58,2.791519434628975,8.777777777777779,2.2,0
32.2,Cloudy,14.8,1006.0,0.0,57,39,36.9,10.0,1.0,19.2,1709.0,0.0,26.7,28.1,32.7,57.9,2,3,Waxing Gibbous,57,2024,6,15,21,2024-06,Rainy,34.6,9.0,1.0,79.0,50.0,1.4615384615384615,1.7701863354037266,5.7,1.2972972972972971,0
32.0,Cloudy,22.7,1006.0,0.0,57,29,36.5,10.0,1.0,29.0,1174.9,0.0,23.3,22.4,19.3,39.6,2,2,Waxing Gibbous,67,2024,6,16,20,2024-06,Rainy,32.7,14.8,1.0,57.0,39.0,1.9655172413793103,1.78125,5.7,1.277533039647577,0
28.2,Cloudy,11.2,1008.0,0.02,70,25,29.9,10.0,1.0,25.2,3631.6,0.0,30.9,42.4,82.8,125.9,4,10,Waxing Gibbous,75,2024,6,17,21,2024-06,Rainy,19.3,22.7,1.0,57.0,29.0,2.8,2.4822695035460995,7.0,2.25,0
32.1,Cloudy,13.3,1006.0,0.0,55,76,36.2,10.0,1.0,17.7,1068.1,0.0,26.1,28.1,19.7,41.0,2,2,Waxing Gibbous,83,2024,6,18,21,2024-06,Rainy,82.8,11.2,1.0,70.0,25.0,0.7236842105263158,1.7133956386292835,5.5,1.330827067669173,0
31.7,Clear,16.2,1005.0,0.0,56,18,35.7,10.0,1.0,21.9,1522.1,0.0,26.1,32.9,29.9,56.5,2,3,Waxing Gibbous,90,2024,6,19,21,2024-06,Rainy,19.7,13.3,1.0,55.0,76.0,3.111111111111111,1.7665615141955837,5.6,1.3518518518518519,0
32.4,Cloudy,17.3,1004.0,0.0,54,38,36.5,10.0,1.0,23.0,1174.9,0.0,30.2,26.5,19.5,42.8,2,2,Waxing Gibbous,95,2024,6,20,20,2024-06,Rainy,29.9,16.2,1.0,56.0,18.0,1.4210526315789473,1.6666666666666667,5.4,1.329479768786127,0
30.3,Cloudy,13.0,1004.0,0.04,75,25,32.9,10.0,1.0,24.7,3418.0,0.0,36.7,44.8,61.7,91.6,3,8,Full Moon,99,2024,6,21,20,2024-06,Rainy,19.5,17.3,1.0,54.0,38.0,3.0,2.4752475247524752,7.5,1.9,0
31.3,Cloudy,15.1,1004.0,0.26,71,25,35.7,10.0,1.0,26.7,1268.4,0.0,33.6,23.4,22.3,42.9,2,2,Full Moon,100,2024,6,22,20,2024-06,Rainy,61.7,13.0,1.0,75.0,25.0,2.84,2.268370607028754,7.1,1.7682119205298013,0
32.4,Cloudy,22.0,1005.0,0.0,56,25,38.1,10.0,1.0,29.2,1762.4,0.0,20.9,25.5,30.8,51.8,2,3,Waning Gibbous,99,2024,6,23,20,2024-06,Rainy,22.3,15.1,1.0,71.0,25.0,2.24,1.7283950617283952,5.6,1.3272727272727272,0
27.7,Rain,13.3,1006.0,0.05,74,74,30.8,10.0,1.0,20.8,854.5,0.0,16.8,20.7,13.2,25.5,1,2,Waning Gibbous,89,2024,6,25,20,2024-06,Rainy,30.8,22.0,1.0,56.0,25.0,1.0,2.6714801444043323,7.4,1.5639097744360901,0
27.1,Cloudy,6.1,1007.0,0.01,89,25,30.5,10.0,1.0,16.3,2002.7,0.0,33.2,35.3,37.8,57.0,2,4,Waning Gibbous,81,2024,6,26,20,2024-06,Rainy,13.2,13.3,1.0,74.0,74.0,3.56,3.284132841328413,8.9,2.6721311475409837,0
30.4,Cloudy,15.1,1008.0,0.0,75,25,36.0,10.0,1.0,17.1,1094.8,0.1,26.7,24.1,20.5,34.7,2,2,Waning Gibbous,71,2024,6,27,20,2024-06,Rainy,37.8,6.1,1.0,89.0,25.0,3.0,2.4671052631578947,7.5,1.1324503311258278,0
30.0,Cloudy,16.9,1008.0,0.0,66,25,34.5,10.0,1.0,21.4,1081.5,0.1,28.1,23.8,18.7,41.6,2,2,Last Quarter,60,2024,6,28,20,2024-06,Rainy,20.5,15.1,1.0,75.0,25.0,2.64,2.2,6.6,1.2662721893491125,0
29.4,Cloudy,13.0,1009.0,0.0,79,25,32.7,10.0,1.0,25.2,854.5,0.3,21.6,17.2,12.4,25.0,1,2,Waning Crescent,49,2024,6,29,19,2024-06,Rainy,18.7,16.9,1.0,66.0,25.0,3.16,2.687074829931973,7.9,1.9384615384615385,0
27.0,Thunder,28.1,1009.0,0.03,89,75,29.6,9.0,1.0,35.3,974.7,0.0,21.1,18.6,16.3,29.2,2,2,Waning Crescent,38,2024,6,30,20,2024-06,Rainy,12.4,13.0,1.0,79.0,25.0,1.1866666666666668,3.2962962962962963,9.88888888888889,1.2562277580071173,0
31.1,Cloudy,9.0,1007.0,0.0,63,25,36.9,10.0,1.0,14.2,2616.9,0.0,45.9,40.1,48.6,77.1,3,6,Waning Crescent,27,2024,7,1,20,2024-07,Rainy,16.3,28.1,1.0,89.0,75.0,2.52,2.02572347266881,6.3,1.5777777777777777,0
32.4,Cloudy,6.1,1005.0,0.01,63,25,41.7,10.0,1.0,17.9,1668.9,0.0,40.8,33.4,31.5,60.0,2,3,Waning Crescent,18,2024,7,2,20,2024-07,Rainy,48.6,9.0,1.0,63.0,25.0,2.52,1.9444444444444444,6.3,2.9344262295081966,0
30.1,Cloudy,15.1,1007.0,0.0,75,25,34.7,10.0,1.0,20.4,1148.2,0.0,23.7,29.6,19.7,39.5,2,2,Waning Crescent,10,2024,7,3,20,2024-07,Rainy,31.5,6.1,1.0,63.0,25.0,3.0,2.491694352159468,7.5,1.3509933774834437,0
28.0,Cloudy,6.8,1009.0,0.0,79,25,31.8,10.0,1.0,17.6,1442.0,0.0,29.5,30.0,26.0,48.2,2,3,Waning Crescent,5,2024,7,4,20,2024-07,Rainy,19.7,15.1,1.0,75.0,25.0,3.16,2.8214285714285716,7.9,2.588235294117647,0
29.1,Cloudy,13.0,1006.0,0.05,79,25,34.1,10.0,1.0,23.9,2910.6,0.0,28.8,31.5,44.2,74.6,3,5,New Moon,1,2024,7,5,19,2024-07,Rainy,26.0,6.8,1.0,79.0,25.0,3.16,2.714776632302405,7.9,1.8384615384615384,0
28.1,Rain,11.2,1005.0,0.0,84,50,30.2,10.0,1.0,19.9,1842.5,0.0,33.2,25.3,35.5,64.7,2,3,Waxing Crescent,0,2024,7,6,20,2024-07,Rainy,44.2,13.0,1.0,79.0,25.0,1.68,2.98932384341637,8.4,1.7767857142857142,0
31.3,Cloudy,11.2,1005.0,0.01,66,25,38.4,10.0,1.0,19.7,1255.0,0.2,33.2,20.5,23.5,44.3,2,2,Waxing Crescent,1,2024,7,7,20,2024-07,Rainy,35.5,11.2,1.0,84.0,50.0,2.64,2.108626198083067,6.6,1.7589285714285714,0
30.3,Cloudy,11.2,1006.0,0.0,70,25,36.0,10.0,1.0,22.4,2616.9,0.0,33.2,49.1,50.3,81.5,3,6,Waxing Crescent,5,2024,7,8,20,2024-07,Rainy,23.5,11.2,1.0,66.0,25.0,2.8,2.31023102310231,7.0,2.0,0
30.3,Cloudy,13.0,1008.0,0.0,79,25,34.8,10.0,1.0,20.8,1735.7,0.0,31.5,40.5,30.7,57.8,2,3,Waxing Crescent,9,2024,7,9,19,2024-07,Rainy,50.3,11.2,1.0,70.0,25.0,3.16,2.607260726072607,7.9,1.6,0
30.2,Cloudy,13.0,1008.0,0.74,75,25,36.7,10.0,1.0,25.9,1415.3,0.0,28.8,25.0,27.1,54.4,2,3,Waxing Crescent,16,2024,7,10,20,2024-07,Rainy,30.7,13.0,1.0,79.0,25.0,3.0,2.4834437086092715,7.5,1.9923076923076921,0
25.4,Rain,16.9,1007.0,0.5,100,75,27.3,7.0,1.0,21.6,1562.1,0.1,28.5,28.6,23.8,43.8,2,2,Waxing Crescent,23,2024,7,11,19,2024-07,Rainy,27.1,13.0,1.0,75.0,25.0,1.3333333333333333,3.937007874015748,14.285714285714286,1.2781065088757397,0
26.3,Rain,11.2,1006.0,0.06,89,75,27.8,8.0,1.0,27.9,1762.4,0.0,28.1,28.6,29.1,59.8,2,3,Waxing Crescent,32,2024,7,12,20,2024-07,Rainy,23.8,16.9,1.0,100.0,75.0,1.1866666666666668,3.3840304182509504,11.125,2.4910714285714284,0
26.3,Cloudy,19.8,1005.0,0.0,81,43,29.1,10.0,1.0,31.5,714.3,0.1,19.4,14.5,10.2,28.4,1,1,First Quarter,41,2024,7,13,20,2024-07,Rainy,29.1,11.2,1.0,89.0,75.0,1.8837209302325582,3.079847908745247,8.1,1.5909090909090908,0
30.4,Thunder,25.9,1005.0,0.0,70,50,36.9,10.0,1.0,33.1,2483.4,0.0,27.4,27.9,40.9,64.7,3,4,Waxing Gibbous,50,2024,7,14,20,2024-07,Rainy,10.2,19.8,1.0,81.0,43.0,1.4,2.3026315789473686,7.0,1.277992277992278,0
31.3,Cloudy,11.2,1005.0,1.34,66,75,45.7,10.0,1.0,20.0,1495.4,0.0,23.3,29.1,30.1,61.3,2,3,Waxing Gibbous,60,2024,7,15,20,2024-07,Rainy,40.9,25.9,1.0,70.0,50.0,0.88,2.108626198083067,6.6,1.7857142857142858,0
29.1,Cloudy,22.0,1004.0,0.0,66,25,35.6,10.0,1.0,29.2,1054.8,0.1,19.4,18.6,16.2,41.3,2,2,Waxing Gibbous,69,2024,7,16,19,2024-07,Rainy,30.1,11.2,1.0,66.0,75.0,2.64,2.268041237113402,6.6,1.3272727272727272,0
31.0,Cloudy,20.2,1004.0,0.0,63,25,41.1,10.0,1.0,27.4,1121.5,0.1,23.7,20.0,17.2,38.1,2,2,Waxing Gibbous,78,2024,7,17,19,2024-07,Rainy,16.2,22.0,1.0,66.0,25.0,2.52,2.032258064516129,6.3,1.3564356435643563,0
29.1,Cloudy,13.0,1005.0,0.05,79,25,35.3,10.0,1.0,17.8,1695.6,0.0,24.3,22.4,22.7,41.5,2,2,Waxing Gibbous,86,2024,7,18,19,2024-07,Rainy,17.2,20.2,1.0,63.0,25.0,3.16,2.714776632302405,7.9,1.3692307692307693,0
29.1,Cloudy,9.0,1005.0,0.01,79,25,35.4,10.0,1.0,12.1,1375.2,0.1,29.8,23.8,21.3,38.9,2,2,Waxing Gibbous,92,2024,7,19,19,2024-07,Rainy,22.7,13.0,1.0,79.0,25.0,3.16,2.714776632302405,7.9,1.3444444444444443,0
29.2,Cloudy,15.1,1007.0,0.0,79,25,33.4,10.0,1.0,20.7,1094.8,0.2,29.5,16.2,16.5,32.5,2,2,Waxing Gibbous,97,2024,7,20,19,2024-07,Rainy,21.3,9.0,1.0,79.0,25.0,3.16,2.7054794520547945,7.9,1.3708609271523178,0
27.9,Cloudy,19.8,1006.0,0.0,68,52,30.5,10.0,1.0,29.7,1401.9,0.0,27.8,20.7,19.9,43.1,2,2,Waning Gibbous,97,2024,7,23,19,2024-07,Rainy,16.5,15.1,1.0,79.0,25.0,1.3076923076923077,2.4372759856630823,6.8,1.5,0
26.7,Cloudy,14.0,1004.0,0.0,76,77,29.4,10.0,1.0,20.1,1041.4,0.5,33.2,20.5,15.4,33.6,1,2,Waning Gibbous,91,2024,7,24,19,2024-07,Rainy,19.9,19.8,1.0,68.0,52.0,0.987012987012987,2.8464419475655434,7.6,1.4357142857142857,0
26.9,Rain,8.3,1004.0,0.01,83,51,30.4,10.0,1.0,12.6,1094.8,0.2,31.2,17.9,15.9,35.8,2,2,Waning Gibbous,83,2024,7,25,19,2024-07,Rainy,15.4,14.0,1.0,76.0,77.0,1.6274509803921569,3.0855018587360594,8.3,1.5180722891566263,0
26.7,Cloudy,10.1,1005.0,0.0,84,66,30.2,10.0,1.0,17.6,1081.5,1.0,36.3,21.0,15.9,40.5,2,2,Waning Gibbous,74,2024,7,26,19,2024-07,Rainy,15.9,8.3,1.0,83.0,51.0,1.2727272727272727,3.146067415730337,8.4,1.7425742574257428,0
28.3,Cloudy,13.0,1007.0,0.0,71,63,31.6,10.0,1.0,19.4,1148.2,0.1,28.5,19.1,16.9,30.9,2,2,Waning Gibbous,63,2024,7,27,19,2024-07,Rainy,15.9,10.1,1.0,84.0,66.0,1.126984126984127,2.508833922261484,7.1,1.4923076923076921,0
25.5,Rain,9.0,1005.0,0.12,93,100,28.9,10.0,1.0,14.8,934.6,0.3,26.4,20.0,14.1,25.0,1,2,Last Quarter,51,2024,7,28,19,2024-07,Rainy,16.9,13.0,1.0,71.0,63.0,0.93,3.6470588235294117,9.3,1.6444444444444446,0
25.6,Drizzle,7.2,1006.0,0.38,88,100,28.7,2.0,1.0,13.4,1401.9,0.1,27.8,25.8,22.1,38.8,2,2,Waning Crescent,40,2024,7,29,19,2024-07,Rainy,14.1,9.0,1.0,93.0,100.0,0.88,3.4375,44.0,1.8611111111111112,0
28.3,Cloudy,10.1,1007.0,0.0,72,76,31.6,10.0,1.0,16.3,1134.9,0.1,24.3,23.8,17.6,32.4,2,2,Waning Crescent,30,2024,7,30,19,2024-07,Rainy,22.1,7.2,1.0,88.0,100.0,0.9473684210526315,2.5441696113074204,7.2,1.613861386138614,0
28.9,Rain,8.6,1009.0,0.57,71,60,32.8,10.0,1.0,13.4,1241.7,0.0,26.4,25.5,19.9,34.3,2,2,Waning Crescent,20,2024,7,31,19,2024-07,Rainy,17.6,10.1,1.0,72.0,76.0,1.1833333333333333,2.456747404844291,7.1,1.558139534883721,0
27.5,Rain,9.0,1009.0,0.81,85,74,32.0,10.0,1.0,14.7,2136.2,0.0,36.3,38.6,36.2,61.1,2,4,Waning Crescent,12,2024,8,1,19,2024-08,Rainy,19.9,8.6,1.0,71.0,60.0,1.1486486486486487,3.090909090909091,8.5,1.6333333333333333,0
29.3,Cloudy,11.2,1007.0,0.0,70,68,33.4,10.0,1.0,15.6,1081.5,0.5,30.9,22.4,16.5,36.3,2,2,Waning Crescent,6,2024,8,2,19,2024-08,Rainy,36.2,9.0,1.0,85.0,74.0,1.0294117647058822,2.3890784982935154,7.0,1.392857142857143,0
26.0,Cloudy,6.8,1009.0,0.0,92,61,29.7,10.0,1.0,13.1,948.0,0.2,23.7,19.1,14.5,28.4,1,2,Waning Crescent,2,2024,8,3,19,2024-08,Rainy,16.5,11.2,1.0,70.0,68.0,1.5081967213114753,3.5384615384615383,9.2,1.9264705882352942,0
27.8,Rain,6.8,1008.0,0.06,83,70,32.3,10.0,1.0,11.0,2216.3,0.0,45.9,33.9,42.0,70.1,3,5,New Moon,0,2024,8,4,19,2024-08,Rainy,14.5,6.8,1.0,92.0,61.0,1.1857142857142857,2.985611510791367,8.3,1.6176470588235294,0
27.8,Rain,11.2,1007.0,0.03,83,58,32.2,10.0,1.0,18.8,1241.7,0.2,37.7,26.5,22.1,45.4,2,2,Waxing Crescent,0,2024,8,5,19,2024-08,Rainy,42.0,6.8,1.0,83.0,70.0,1.4310344827586208,2.985611510791367,8.3,1.6785714285714288,0
30.0,Cloudy,10.4,1006.0,0.0,70,26,35.1,10.0,1.0,16.6,2777.1,0.0,33.9,32.9,45.1,70.7,3,5,Waxing Crescent,2,2024,8,6,19,2024-08,Rainy,22.1,11.2,1.0,83.0,58.0,2.6923076923076925,2.3333333333333335,7.0,1.5961538461538463,0
30.3,Cloudy,13.3,1006.0,0.0,69,54,35.5,10.0,1.0,18.9,2243.0,0.1,46.6,41.5,39.5,69.8,2,4,Waxing Crescent,6,2024,8,7,19,2024-08,Rainy,45.1,10.4,1.0,70.0,26.0,1.2777777777777777,2.277227722772277,6.9,1.4210526315789471,0
31.1,Cloudy,15.1,1006.0,0.0,61,35,35.6,10.0,1.0,20.6,1081.5,16.3,45.2,23.4,21.7,48.4,2,2,Waxing Crescent,11,2024,8,8,19,2024-08,Rainy,39.5,13.3,1.0,69.0,54.0,1.7428571428571429,1.9614147909967845,6.1,1.3642384105960266,0
30.3,Cloudy,15.5,1006.0,0.0,69,43,35.5,10.0,1.0,21.0,1762.4,2.3,70.6,31.0,39.9,78.2,2,4,Waxing Crescent,18,2024,8,9,19,2024-08,Rainy,21.7,15.1,1.0,61.0,35.0,1.6046511627906976,2.277227722772277,6.9,1.3548387096774193,0
30.8,Drizzle,14.0,1004.0,0.31,64,100,35.5,2.0,1.0,18.6,1108.2,0.0,29.8,22.7,17.3,41.2,2,2,Waxing Crescent,26,2024,8,10,19,2024-08,Rainy,39.9,15.5,1.0,69.0,43.0,0.64,2.0779220779220777,32.0,1.3285714285714287,0
31.3,Cloudy,15.1,1002.0,0.0,62,51,36.2,10.0,1.0,19.9,974.7,0.0,19.7,16.7,12.8,27.1,1,2,Waxing Crescent,34,2024,8,11,19,2024-08,Rainy,17.3,14.0,1.0,64.0,100.0,1.2156862745098038,1.9808306709265175,6.2,1.3178807947019866,0
30.0,Cloudy,15.1,1004.0,0.0,65,63,34.0,10.0,1.0,19.9,1428.6,0.0,29.8,28.6,22.7,43.9,2,2,First Quarter,44,2024,8,12,19,2024-08,Rainy,12.8,15.1,1.0,62.0,51.0,1.0317460317460319,2.1666666666666665,6.5,1.3178807947019866,0
30.5,Rain,15.1,1006.0,0.23,65,79,34.9,9.0,1.0,19.4,1348.5,0.1,29.5,27.4,21.5,41.8,2,2,Waxing Gibbous,54,2024,8,13,19,2024-08,Rainy,22.7,15.1,1.0,65.0,63.0,0.8227848101265823,2.1311475409836067,7.222222222222222,1.2847682119205297,0
31.2,Cloudy,16.9,1006.0,0.49,71,25,36.7,10.0,1.0,21.3,1682.3,0.0,34.6,28.6,29.3,51.4,2,3,Waxing Gibbous,63,2024,8,14,19,2024-08,Rainy,21.5,15.1,1.0,65.0,79.0,2.84,2.2756410256410255,7.1,1.260355029585799,0
29.1,Cloudy,6.8,1005.0,0.21,84,25,32.1,10.0,1.0,15.8,1215.0,0.1,33.6,26.9,19.7,39.7,2,2,Waxing Gibbous,73,2024,8,15,19,2024-08,Rainy,29.3,16.9,1.0,71.0,25.0,3.36,2.88659793814433,8.4,2.323529411764706,0
31.2,Cloudy,24.1,1005.0,1.72,71,25,37.2,10.0,1.0,31.3,1789.1,0.0,29.1,30.5,28.1,51.3,2,3,Waxing Gibbous,82,2024,8,16,19,2024-08,Rainy,19.7,6.8,1.0,84.0,25.0,2.84,2.2756410256410255,7.1,1.2987551867219918,0
31.0,Cloudy,11.2,1007.0,0.0,71,25,36.2,10.0,1.0,18.4,867.8,5.4,33.9,16.5,14.7,31.5,1,2,Waxing Gibbous,90,2024,8,17,19,2024-08,Rainy,28.1,24.1,1.0,71.0,25.0,2.84,2.2903225806451615,7.1,1.6428571428571428,0
32.1,Cloudy,20.2,1006.0,0.01,67,25,39.8,10.0,1.0,27.4,881.2,0.2,23.7,16.7,12.9,26.9,1,2,Waxing Gibbous,95,2024,8,18,19,2024-08,Rainy,14.7,11.2,1.0,71.0,25.0,2.68,2.087227414330218,6.7,1.3564356435643563,0
30.2,Cloudy,11.2,1006.0,0.7,75,75,36.4,10.0,1.0,18.9,2002.7,0.0,32.6,34.8,33.0,57.8,2,3,Full Moon,99,2024,8,19,19,2024-08,Rainy,12.9,20.2,1.0,67.0,25.0,1.0,2.4834437086092715,7.5,1.6875,0
28.3,Cloudy,9.0,1007.0,0.0,89,25,32.7,10.0,1.0,11.0,1054.8,1.5,38.7,21.9,18.1,39.4,2,2,Waning Gibbous,100,2024,8,20,19,2024-08,Rainy,33.0,11.2,1.0,75.0,75.0,3.56,3.1448763250883394,8.9,1.2222222222222223,0
31.2,Cloudy,11.2,1008.0,0.46,66,25,38.2,10.0,1.0,18.4,1709.0,0.0,37.7,31.5,29.0,55.4,2,3,Waning Gibbous,98,2024,8,21,19,2024-08,Rainy,18.1,9.0,1.0,89.0,25.0,2.64,2.1153846153846154,6.6,1.6428571428571428,0
33.4,Cloudy,15.1,1007.0,0.0,59,25,44.0,10.0,1.0,18.9,1668.9,0.0,36.3,31.0,29.5,51.9,2,3,Waning Gibbous,93,2024,8,22,19,2024-08,Rainy,29.0,11.2,1.0,66.0,25.0,2.36,1.7664670658682635,5.9,1.2516556291390728,0
32.2,Cloudy,11.2,1008.0,0.0,67,50,39.2,10.0,1.0,11.9,948.0,1.3,33.2,21.0,14.7,30.0,1,2,Waning Gibbous,85,2024,8,23,19,2024-08,Rainy,29.5,15.1,1.0,59.0,25.0,1.34,2.0807453416149064,6.7,1.0625,0
25.3,Thunder,15.1,1009.0,0.0,89,75,26.8,3.0,1.0,22.3,614.2,3.2,21.8,11.1,8.0,18.5,1,1,Waning Gibbous,76,2024,8,24,19,2024-08,Rainy,14.7,11.2,1.0,67.0,50.0,1.1866666666666668,3.5177865612648223,29.666666666666668,1.4768211920529801,0
32.1,Cloudy,13.0,1006.0,0.0,59,25,37.4,10.0,1.0,20.2,1361.9,0.0,26.1,21.9,20.1,36.7,2,2,Waning Gibbous,65,2024,8,25,19,2024-08,Rainy,8.0,15.1,1.0,89.0,75.0,2.36,1.838006230529595,5.9,1.5538461538461539,0
33.2,Cloudy,13.0,1006.0,1.89,53,50,44.0,10.0,1.0,17.4,1281.7,0.0,34.6,26.9,23.2,45.0,2,2,Last Quarter,54,2024,8,26,19,2024-08,Rainy,20.1,13.0,1.0,59.0,25.0,1.06,1.5963855421686746,5.3,1.3384615384615384,0
32.3,Cloudy,15.1,1006.0,1.45,63,25,41.5,10.0,1.0,15.5,1375.2,0.0,29.1,27.7,21.9,41.0,2,2,Waning Crescent,43,2024,8,27,19,2024-08,Rainy,23.2,13.0,1.0,53.0,50.0,2.52,1.9504643962848298,6.3,1.0264900662251655,0
29.2,Cloudy,11.2,1006.0,1.79,79,25,35.8,10.0,1.0,22.3,2430.0,0.0,38.7,38.6,40.3,83.6,2,4,Waning Crescent,33,2024,8,28,19,2024-08,Rainy,21.9,15.1,1.0,63.0,25.0,3.16,2.7054794520547945,7.9,1.9910714285714288,0
30.2,Cloudy,13.0,1006.0,0.0,70,50,37.8,10.0,1.0,19.1,3097.5,0.0,31.2,43.9,51.1,79.8,3,6,Waning Crescent,24,2024,8,29,19,2024-08,Rainy,40.3,11.2,1.0,79.0,25.0,1.4,2.3178807947019866,7.0,1.4692307692307693,0
30.2,Cloudy,13.0,1007.0,0.0,62,25,35.3,10.0,1.0,25.2,2510.1,0.0,49.4,31.5,44.7,84.4,3,5,Waning Crescent,15,2024,8,30,19,2024-08,Rainy,51.1,13.0,1.0,70.0,50.0,2.48,2.052980132450331,6.2,1.9384615384615385,0
31.3,Cloudy,19.1,1006.0,1.02,66,50,39.3,10.0,1.0,19.7,2536.8,0.0,35.0,27.2,37.7,59.4,2,4,Waning Crescent,9,2024,8,31,19,2024-08,Rainy,44.7,13.0,1.0,62.0,25.0,1.32,2.108626198083067,6.6,1.031413612565445,0
33.3,Cloudy,11.2,1003.0,2.27,56,25,47.8,10.0,1.0,17.5,1215.0,0.0,21.8,20.3,19.3,40.7,2,2,Waning Crescent,4,2024,9,1,19,2024-09,Rainy,37.7,19.1,1.0,66.0,50.0,2.24,1.6816816816816818,5.6,1.5625,0
29.2,Cloudy,6.8,1004.0,2.3,84,25,36.5,10.0,1.0,24.8,1268.4,0.1,41.5,25.5,24.0,59.8,2,3,New Moon,1,2024,9,2,19,2024-09,Rainy,19.3,11.2,1.0,56.0,25.0,3.36,2.8767123287671232,8.4,3.647058823529412,0
29.3,Cloudy,19.1,1006.0,0.24,79,50,37.3,10.0,1.0,26.3,1895.9,0.0,35.6,28.6,34.6,79.4,2,3,Waxing Crescent,0,2024,9,3,19,2024-09,Rainy,24.0,6.8,1.0,84.0,25.0,1.58,2.696245733788396,7.9,1.3769633507853403,0
31.2,Cloudy,20.2,1004.0,0.0,66,75,39.9,10.0,1.0,23.5,2750.4,0.0,48.0,31.0,50.6,88.8,3,6,Waxing Crescent,1,2024,9,4,19,2024-09,Rainy,34.6,19.1,1.0,79.0,50.0,0.88,2.1153846153846154,6.6,1.1633663366336635,0
32.4,Cloudy,20.2,1003.0,0.0,56,25,41.5,10.0,1.0,27.6,203.0,68.0,7.2,4.6,9.4,13.5,1,1,Waxing Crescent,3,2024,9,5,19,2024-09,Rainy,50.6,20.2,1.0,66.0,75.0,2.24,1.7283950617283952,5.6,1.3663366336633664,0
31.1,Cloudy,22.0,1004.0,0.0,59,25,40.4,10.0,1.0,29.2,508.75,84.0,21.46,15.17,32.375,47.545,2,3,Waxing Crescent,7,2024,9,6,19,2024-09,Rainy,9.4,20.2,1.0,56.0,25.0,2.36,1.8971061093247588,5.9,1.3272727272727272,0
31.1,Cloudy,15.1,1005.0,0.0,63,25,38.1,10.0,1.0,22.5,338.55,59.0,9.99,7.585,12.395,18.13,1,2,Waxing Crescent,13,2024,9,7,19,2024-09,Rainy,32.375,22.0,1.0,59.0,25.0,2.52,2.02572347266881,6.3,1.490066225165563,0
31.2,Cloudy,15.1,1007.0,0.01,63,25,37.7,10.0,1.0,23.2,320.05,53.0,10.175,6.845,11.655,17.76,1,1,Waxing Crescent,20,2024,9,8,19,2024-09,Rainy,12.395,15.1,1.0,63.0,25.0,2.52,2.019230769230769,6.3,1.5364238410596027,0
31.4,Cloudy,16.9,1005.0,0.0,63,25,38.7,10.0,1.0,24.1,353.35,57.0,12.21,7.955,15.17,24.975,1,2,Waxing Crescent,28,2024,9,9,19,2024-09,Rainy,11.655,15.1,1.0,63.0,25.0,2.52,2.0063694267515926,6.3,1.42603550295858,0
30.1,Cloudy,16.9,1005.0,0.01,70,75,35.5,10.0,1.0,24.1,418.1,63.0,14.615,9.805,19.795,32.375,2,2,Waxing Crescent,38,2024,9,10,19,2024-09,Rainy,15.17,16.9,1.0,63.0,25.0,0.9333333333333333,2.325581395348837,7.0,1.42603550295858,0
29.2,Cloudy,9.0,1008.0,0.98,70,25,33.7,10.0,1.0,20.2,410.7,45.0,17.76,11.1,12.765,19.425,1,2,First Quarter,47,2024,9,11,19,2024-09,Rainy,19.795,16.9,1.0,70.0,75.0,2.8,2.397260273972603,7.0,2.2444444444444445,0
24.2,Thunder,15.1,1008.0,1.45,100,50,26.0,5.0,1.0,25.7,479.15,99.0,17.205,12.95,37.74,55.5,2,4,Waxing Gibbous,58,2024,9,12,19,2024-09,Rainy,12.765,9.0,1.0,70.0,25.0,2.0,4.132231404958678,20.0,1.7019867549668874,0
32.4,Cloudy,12.6,1005.0,1.21,63,25,41.2,10.0,1.0,18.6,495.8,92.0,17.76,13.875,33.3,49.21,2,3,Waxing Gibbous,68,2024,9,13,19,2024-09,Rainy,37.74,15.1,1.0,100.0,50.0,2.52,1.9444444444444444,6.3,1.4761904761904763,0
27.3,Thunder,13.7,1004.0,1.86,94,75,31.9,8.0,1.0,20.6,481.0,89.0,19.425,14.06,33.67,49.58,2,3,Waxing Gibbous,78,2024,9,14,19,2024-09,Rainy,33.3,12.6,1.0,63.0,25.0,1.2533333333333334,3.443223443223443,11.75,1.5036496350364965,0
28.1,Rain,9.7,1004.0,0.0,79,50,30.8,10.0,1.0,15.4,445.85,81.0,17.02,12.025,26.455,40.145,2,3,Waxing Gibbous,86,2024,9,15,19,2024-09,Rainy,33.67,13.7,1.0,94.0,75.0,1.58,2.811387900355872,7.9,1.5876288659793816,0
32.2,Cloudy,5.0,1002.0,0.12,59,25,37.5,10.0,7.0,7.6,510.6,77.0,17.945,12.025,34.595,61.42,2,3,Waxing Gibbous,93,2024,9,16,18,2024-09,Rainy,26.455,9.7,1.0,79.0,50.0,2.36,1.8322981366459625,5.9,1.52,1
27.1,Rain,7.6,1002.0,0.0,89,50,28.4,8.0,8.0,10.7,555.0,80.0,19.795,12.58,32.93,54.76,2,3,Waxing Gibbous,98,2024,9,17,18,2024-09,Rainy,34.595,5.0,7.0,59.0,25.0,1.78,3.284132841328413,11.125,1.4078947368421053,1
25.1,Rain,12.6,1002.0,0.15,100,75,27.8,7.0,6.0,21.3,629.0,60.0,29.6,16.835,32.005,51.615,2,3,Full Moon,100,2024,9,18,17,2024-09,Rainy,32.93,7.6,8.0,89.0,50.0,1.3333333333333333,3.98406374501992,14.285714285714286,1.6904761904761907,1
33.2,Cloudy,12.2,1000.0,0.27,59,50,43.7,10.0,6.0,15.9,786.25,77.0,37.925,22.015,27.01,38.665,2,3,Waning Gibbous,99,2024,9,19,17,2024-09,Rainy,32.005,12.6,6.0,100.0,75.0,1.18,1.7771084337349397,5.9,1.3032786885245902,1
24.1,Thunder,9.7,1003.0,2.04,100,75,26.0,0.8,6.0,14.6,778.85,125.0,41.07,27.195,49.025,69.93,3,6,Waning Gibbous,95,2024,9,20,18,2024-09,Rainy,27.01,12.2,6.0,59.0,50.0,1.3333333333333333,4.149377593360995,125.0,1.5051546391752577,1
26.2,Thunder,9.7,1003.0,0.14,94,75,29.6,1.0,6.0,17.0,444.0,77.0,18.5,10.73,10.175,14.615,1,1,Waning Gibbous,88,2024,9,21,18,2024-09,Rainy,49.025,9.7,6.0,100.0,75.0,1.2533333333333334,3.5877862595419847,94.0,1.752577319587629,1
30.2,Cloudy,9.4,1003.0,0.48,75,50,38.0,10.0,6.0,13.9,358.9,63.0,11.655,6.845,7.585,10.915,1,1,Waning Gibbous,79,2024,9,22,17,2024-09,Rainy,10.175,9.7,6.0,94.0,75.0,1.5,2.4834437086092715,7.5,1.4787234042553192,1
31.2,Cloudy,10.4,1006.0,0.01,71,50,36.0,10.0,7.0,13.0,355.2,38.0,13.69,7.4,10.175,16.835,1,1,Waning Gibbous,69,2024,9,23,16,2024-09,Rainy,7.585,9.4,6.0,75.0,50.0,1.42,2.2756410256410255,7.1,1.25,1
30.3,Cloudy,6.1,1007.0,0.4,66,50,34.8,10.0,7.0,9.2,382.95,42.0,14.8,7.215,8.14,12.395,1,1,Last Quarter,58,2024,9,24,16,2024-09,Rainy,10.175,10.4,7.0,71.0,50.0,1.32,2.1782178217821784,6.6,1.5081967213114753,1
30.3,Cloudy,9.7,1008.0,0.02,70,50,34.6,10.0,7.0,13.0,834.35,38.0,54.39,34.595,31.45,45.88,2,3,Waning Crescent,48,2024,9,25,16,2024-09,Rainy,8.14,6.1,7.0,66.0,50.0,1.4,2.31023102310231,7.0,1.3402061855670104,1
33.1,Cloudy,4.3,1007.0,0.0,59,25,39.2,10.0,8.0,6.1,741.85,64.0,43.29,27.935,45.695,67.34,3,5,Waning Crescent,37,2024,9,26,16,2024-09,Rainy,31.45,9.7,7.0,70.0,50.0,2.36,1.782477341389728,5.9,1.4186046511627908,1
31.1,Cloudy,13.7,1007.0,0.02,71,50,36.7,10.0,7.0,18.2,852.85,49.0,48.285,35.705,35.335,51.43,2,3,Waning Crescent,28,2024,9,27,17,2024-09,Rainy,45.695,4.3,8.0,59.0,25.0,1.42,2.282958199356913,7.1,1.3284671532846715,1
31.2,Cloudy,13.3,1006.0,0.0,71,25,35.4,10.0,8.0,17.0,839.9,106.0,37.37,27.935,70.3,100.825,4,9,Waning Crescent,20,2024,9,28,17,2024-09,Rainy,35.335,13.7,7.0,71.0,50.0,2.84,2.2756410256410255,7.1,1.2781954887218046,1
30.1,Rain,11.9,1006.0,0.01,84,50,33.1,10.0,7.0,14.5,471.75,79.0,16.465,9.99,22.755,33.485,2,2,Waning Crescent,12,2024,9,29,16,2024-09,Rainy,70.3,13.3,8.0,71.0,25.0,1.68,2.7906976744186047,8.4,1.218487394957983,1
35.0,Cloudy,10.8,1003.0,0.0,50,25,40.4,10.0,7.0,12.9,604.95,65.0,29.785,19.61,32.56,46.99,2,3,Waning Crescent,7,2024,9,30,16,2024-09,Rainy,22.755,11.9,7.0,84.0,50.0,2.0,1.4285714285714286,5.0,1.1944444444444444,1
31.4,Cloudy,13.0,1004.0,0.45,66,25,36.1,10.0,7.0,17.3,523.55,52.0,27.38,17.02,21.83,31.635,2,2,Waning Crescent,3,2024,10,1,17,2024-10,Rainy,32.56,10.8,7.0,50.0,25.0,2.64,2.1019108280254777,6.6,1.330769230769231,1
32.1,Cloudy,7.9,1006.0,0.11,67,50,39.5,10.0,7.0,12.7,553.15,35.0,38.11,21.83,17.02,24.975,2,2,New Moon,1,2024,10,2,16,2024-10,Rainy,21.83,13.0,7.0,66.0,25.0,1.34,2.087227414330218,6.7,1.6075949367088607,1
32.2,Cloudy,11.5,1006.0,0.03,67,25,40.7,10.0,6.0,14.5,532.8,25.0,34.04,19.425,14.245,20.535,1,2,Waxing Crescent,0,2024,10,3,16,2024-10,Rainy,17.02,7.9,7.0,67.0,50.0,2.68,2.0807453416149064,6.7,1.2608695652173914,1
31.1,Cloudy,6.5,1009.0,0.14,63,25,37.3,10.0,6.0,8.9,789.95,43.0,46.62,29.97,28.86,41.44,2,3,Waxing Crescent,1,2024,10,4,16,2024-10,Rainy,14.245,11.5,6.0,67.0,25.0,2.52,2.02572347266881,6.3,1.3692307692307693,1
33.3,Cloudy,8.3,1007.0,0.04,53,25,40.3,10.0,7.0,10.7,1006.4,72.0,55.5,39.22,46.435,67.155,3,5,Waxing Crescent,4,2024,10,5,16,2024-10,Rainy,28.86,6.5,6.0,63.0,25.0,2.12,1.5915915915915917,5.3,1.289156626506024,1
31.1,Rain,7.6,1008.0,0.04,58,93,35.0,10.0,7.0,10.0,1159.95,92.0,69.93,52.91,65.49,96.755,4,9,Waxing Crescent,9,2024,10,6,16,2024-10,Rainy,46.435,8.3,7.0,53.0,25.0,0.6236559139784946,1.864951768488746,5.8,1.3157894736842106,1
33.4,Cloudy,7.2,1009.0,0.3,53,25,39.7,10.0,7.0,9.4,1389.35,85.0,87.875,52.17,66.045,100.085,4,9,Waxing Crescent,15,2024,10,7,16,2024-10,Rainy,65.49,7.6,7.0,58.0,93.0,2.12,1.5868263473053892,5.3,1.3055555555555556,1
31.2,Cloudy,10.4,1008.0,0.01,66,50,34.1,10.0,7.0,12.9,1071.15,95.0,54.945,49.395,70.67,102.12,4,9,Waxing Crescent,23,2024,10,8,16,2024-10,Rainy,66.045,7.2,7.0,53.0,25.0,1.32,2.1153846153846154,6.6,1.2403846153846154,1
29.3,Rain,5.0,1007.0,0.11,75,68,34.4,10.0,2.1,7.0,876.9,61.0,47.915,36.63,33.855,49.21,2,3,Waxing Crescent,32,2024,10,9,16,2024-10,Rainy,70.67,10.4,7.0,66.0,50.0,1.1029411764705883,2.5597269624573378,7.5,1.4,1
30.0,Cloudy,3.6,1007.0,1.43,70,50,35.3,10.0,1.3,10.8,936.1,80.0,45.14,33.115,41.255,60.125,3,4,First Quarter,42,2024,10,10,16,2024-10,Rainy,33.855,5.0,2.1,75.0,68.0,1.4,2.3333333333333335,7.0,3.0,1
32.3,Cloudy,4.7,1007.0,0.07,56,25,40.3,10.0,1.6,7.2,1295.0,66.0,71.595,50.135,64.565,93.425,3,8,Waxing Gibbous,52,2024,10,11,16,2024-10,Rainy,41.255,3.6,1.3,70.0,50.0,2.24,1.73374613003096,5.6,1.5319148936170213,1
30.2,Cloudy,6.8,1007.0,0.0,66,85,34.7,10.0,0.7,8.7,1394.9,143.0,64.195,53.465,142.08,204.98,4,10,Waxing Gibbous,63,2024,10,12,16,2024-10,Rainy,64.565,4.7,1.6,56.0,25.0,0.7764705882352941,2.185430463576159,6.6,1.2794117647058822,1
31.5,Rain,13.3,1007.0,0.04,60,75,36.3,10.0,1.0,16.6,897.25,49.0,43.475,26.455,24.05,34.78,2,3,Waxing Gibbous,73,2024,10,13,16,2024-10,Rainy,142.08,6.8,0.7,66.0,85.0,0.8,1.9047619047619047,6.0,1.2481203007518797,1
32.4,Cloudy,3.6,1007.0,0.0,67,50,36.9,10.0,1.9,3.9,1206.2,59.0,63.455,44.955,53.65,77.515,3,6,Waxing Gibbous,83,2024,10,14,16,2024-10,Rainy,24.05,13.3,1.0,60.0,75.0,1.34,2.0679012345679015,6.7,1.0833333333333333,1
31.2,Rain,5.0,1007.0,0.0,66,50,34.0,10.0,1.4,6.1,1483.7,99.0,65.86,52.725,126.725,183.52,4,10,Waxing Gibbous,91,2024,10,15,16,2024-10,Rainy,53.65,3.6,1.9,67.0,50.0,1.32,2.1153846153846154,6.6,1.22,1
33.0,Cloudy,3.6,1006.0,0.0,54,88,37.7,10.0,0.6,10.8,1744.55,146.0,62.715,54.39,173.53,248.085,5,10,Waxing Gibbous,97,2024,10,16,16,2024-10,Rainy,126.725,5.0,1.4,66.0,50.0,0.6136363636363636,1.6363636363636365,5.4,3.0,1
30.7,Rain,7.6,1007.0,0.96,66,60,35.8,10.0,2.0,10.2,900.95,61.0,51.06,40.885,45.14,65.12,3,5,Full Moon,100,2024,10,17,16,2024-10,Rainy,173.53,3.6,0.6,54.0,88.0,1.1,2.1498371335504887,6.6,1.3421052631578947,1
30.1,Cloudy,11.2,1007.0,0.03,66,50,34.7,10.0,1.7,14.3,1448.55,117.0,60.865,54.945,121.915,174.455,4,10,Waning Gibbous,100,2024,10,18,16,2024-10,Rainy,45.14,7.6,2.0,66.0,60.0,1.32,2.192691029900332,6.6,1.2767857142857144,1
28.9,Rain,11.2,1006.0,2.09,78,82,34.0,10.0,2.1,20.5,762.2,56.0,44.955,29.785,30.155,43.105,2,3,Waning Gibbous,96,2024,10,19,16,2024-10,Rainy,121.915,11.2,1.7,66.0,50.0,0.9512195121951219,2.698961937716263,7.8,1.830357142857143,1
29.1,Cloudy,15.1,1009.0,0.29,84,50,34.2,10.0,2.1,22.2,577.2,53.0,31.45,18.5,17.39,25.16,2,2,Waning Gibbous,91,2024,10,20,16,2024-10,Rainy,30.155,11.2,2.1,78.0,82.0,1.68,2.88659793814433,8.4,1.4701986754966887,1
30.0,Cloudy,10.1,1007.0,0.02,75,50,34.9,10.0,2.1,12.6,880.6,34.0,55.5,38.665,30.525,44.215,2,3,Waning Gibbous,83,2024,10,21,16,2024-10,Rainy,17.39,15.1,2.1,84.0,50.0,1.5,2.5,7.5,1.2475247524752475,1
31.2,Rain,6.1,1008.0,1.22,66,50,36.8,10.0,1.7,9.6,862.1,68.0,49.025,32.93,45.325,65.305,3,5,Waning Gibbous,74,2024,10,22,16,2024-10,Rainy,30.525,10.1,2.1,75.0,50.0,1.32,2.1153846153846154,6.6,1.5737704918032787,1
30.6,Rain,6.8,1008.0,0.01,65,66,35.5,10.0,1.6,9.9,756.65,54.0,44.4,30.525,22.2,32.005,2,2,Waning Gibbous,64,2024,10,23,16,2024-10,Rainy,45.325,6.1,1.7,66.0,50.0,0.9848484848484849,2.1241830065359477,6.5,1.4558823529411766,1
32.4,Cloudy,3.6,1007.0,0.01,59,25,37.3,10.0,1.9,10.8,1061.9,90.0,51.43,37.555,44.585,64.565,3,5,Last Quarter,53,2024,10,24,16,2024-10,Rainy,22.2,6.8,1.6,65.0,66.0,2.36,1.8209876543209877,5.9,3.0,1
33.3,Cloudy,10.1,1006.0,0.0,53,25,38.5,10.0,1.8,12.6,1093.35,104.0,54.76,34.04,61.605,89.355,3,8,Waning Crescent,43,2024,10,25,16,2024-10,Rainy,44.585,3.6,1.9,59.0,25.0,2.12,1.5915915915915917,5.3,1.2475247524752475,1
29.6,Cloudy,6.8,1004.0,0.0,68,33,33.8,10.0,7.0,9.0,606.8,60.0,29.6,18.685,25.715,37.0,2,3,Waning Crescent,34,2024,10,26,16,2024-10,Rainy,61.605,10.1,1.8,53.0,25.0,2.0606060606060606,2.2972972972972974,6.8,1.3235294117647058,1
29.7,Thunder,6.5,1002.0,0.62,77,83,35.8,10.0,0.6,11.0,514.3,63.0,23.31,13.135,22.755,33.855,2,2,Waning Crescent,25,2024,10,27,16,2024-10,Rainy,25.715,6.8,7.0,68.0,33.0,0.927710843373494,2.5925925925925926,7.7,1.6923076923076923,1
30.7,Rain,11.2,1004.0,0.01,64,88,35.2,10.0,1.4,15.3,862.1,69.0,46.805,33.67,37.555,53.835,2,4,Waning Crescent,17,2024,10,28,16,2024-10,Rainy,22.755,6.5,0.6,77.0,83.0,0.7272727272727273,2.0846905537459284,6.4,1.3660714285714288,1
32.3,Cloudy,10.4,1005.0,0.01,63,50,36.6,10.0,1.9,13.6,2430.9,86.0,69.56,46.435,81.215,115.81,4,10,Waning Crescent,11,2024,10,29,16,2024-10,Rainy,37.555,11.2,1.4,64.0,88.0,1.26,1.9504643962848298,6.3,1.3076923076923077,1
32.9,Cloudy,3.6,1006.0,0.0,50,46,36.7,10.0,0.8,10.8,3061.75,161.0,57.535,59.94,192.955,275.65,5,10,Waning Crescent,6,2024,10,30,16,2024-10,Rainy,81.215,10.4,1.9,63.0,50.0,1.0869565217391304,1.5197568389057752,5.0,3.0,1
33.4,Cloudy,6.1,1006.0,0.04,53,25,39.6,10.0,0.6,9.0,2375.4,151.0,66.23,57.535,177.97,254.19,5,10,Waning Crescent,2,2024,10,31,16,2024-10,Rainy,192.955,3.6,0.8,50.0,46.0,2.12,1.5868263473053892,5.3,1.4754098360655739,1
34.3,Cloudy,9.7,1007.0,0.0,56,50,39.3,10.0,8.0,11.8,4758.2,72.0,67.525,49.21,72.52,103.97,4,10,New Moon,0,2024,11,1,16,2024-11,Cool,177.97,6.1,0.6,53.0,25.0,1.12,1.6326530612244898,5.6,1.2164948453608249,1
32.4,Cloudy,18.7,1009.0,0.0,46,25,35.9,10.0,1.8,23.4,1670.55,73.0,55.87,42.55,54.945,78.625,3,7,Waxing Crescent,0,2024,11,2,16,2024-11,Cool,72.52,9.7,8.0,56.0,50.0,1.84,1.4197530864197532,4.6,1.2513368983957218,1
32.0,Cloudy,9.7,1009.0,0.07,49,25,35.8,10.0,0.8,11.7,3339.25,83.0,40.515,28.675,43.475,68.45,3,5,Waxing Crescent,2,2024,11,3,16,2024-11,Cool,54.945,18.7,1.8,46.0,25.0,1.96,1.53125,4.9,1.2061855670103092,1
31.2,Cloudy,10.8,1008.0,0.94,59,50,36.9,10.0,0.9,15.2,3326.3,77.0,47.545,35.15,46.25,69.56,3,5,Waxing Crescent,6,2024,11,4,16,2024-11,Cool,43.475,9.7,0.8,49.0,25.0,1.18,1.891025641025641,5.9,1.4074074074074072,1
28.2,Rain,18.0,1010.0,0.12,70,50,31.1,10.0,0.2,25.6,2353.2,57.0,43.66,31.82,24.235,34.78,2,3,Waxing Crescent,11,2024,11,5,16,2024-11,Cool,46.25,10.8,0.9,59.0,50.0,1.4,2.4822695035460995,7.0,1.4222222222222223,1
29.1,Cloudy,6.8,1011.0,1.27,62,75,32.8,10.0,1.1,11.4,2255.15,81.0,34.04,28.49,26.64,38.11,2,3,Waxing Crescent,18,2024,11,6,16,2024-11,Cool,24.235,18.0,0.2,70.0,50.0,0.8266666666666667,2.1305841924398625,6.2,1.6764705882352942,1
27.6,Rain,5.4,1010.0,0.27,73,75,30.5,10.0,0.6,7.3,2541.9,77.0,44.4,27.195,38.85,60.125,2,4,Waxing Crescent,27,2024,11,7,16,2024-11,Cool,26.64,6.8,1.1,62.0,75.0,0.9733333333333334,2.644927536231884,7.3,1.3518518518518516,1
29.4,Rain,7.2,1009.0,1.62,64,70,32.6,10.0,1.1,10.2,2079.4,83.0,42.18,26.825,43.845,68.635,3,5,Waxing Crescent,37,2024,11,8,16,2024-11,Cool,38.85,5.4,0.6,73.0,75.0,0.9142857142857143,2.17687074829932,6.4,1.4166666666666665,1
30.1,Rain,9.7,1009.0,0.01,57,95,32.8,10.0,0.9,13.0,3629.7,84.0,53.28,33.855,48.84,74.0,3,6,First Quarter,47,2024,11,9,16,2024-11,Cool,43.845,7.2,1.1,64.0,70.0,0.6,1.893687707641196,5.7,1.3402061855670104,1
33.2,Cloudy,10.1,1009.0,0.0,44,25,35.9,10.0,1.6,12.1,2806.45,80.0,76.035,52.355,64.01,95.275,3,8,Waxing Gibbous,58,2024,11,10,16,2024-11,Cool,48.84,9.7,0.9,57.0,95.0,1.76,1.325301204819277,4.4,1.198019801980198,1
33.2,Cloudy,13.3,1008.0,0.0,47,25,36.7,10.0,1.6,15.6,3772.15,72.0,70.855,49.025,55.5,81.4,3,7,Waxing Gibbous,69,2024,11,11,16,2024-11,Cool,64.01,10.1,1.6,44.0,25.0,1.88,1.4156626506024095,4.7,1.1729323308270676,1
33.0,Cloudy,14.4,1007.0,0.0,49,25,36.0,10.0,1.8,16.7,1306.1,64.0,80.845,54.205,54.945,80.105,3,7,Waxing Gibbous,77,2024,11,12,16,2024-11,Cool,55.5,13.3,1.6,47.0,25.0,1.96,1.4848484848484849,4.9,1.159722222222222,1
34.3,Cloudy,4.0,1006.0,0.0,47,25,40.2,10.0,0.9,5.2,1428.2,63.0,85.285,58.09,64.195,93.055,3,8,Waxing Gibbous,86,2024,11,13,16,2024-11,Cool,54.945,14.4,1.8,49.0,25.0,1.88,1.370262390670554,4.7,1.3,1
33.3,Cloudy,7.9,1007.0,0.16,56,25,41.3,10.0,0.5,10.7,2913.75,54.0,106.745,61.235,61.975,62.53,3,8,Waxing Gibbous,93,2024,11,14,16,2024-11,Cool,64.195,4.0,0.9,47.0,25.0,2.24,1.6816816816816818,5.6,1.3544303797468353,1
31.3,Cloudy,14.4,1007.0,0.0,66,25,35.8,10.0,1.9,17.4,2144.15,79.0,54.02,35.335,31.265,31.265,2,3,Waxing Gibbous,98,2024,11,15,16,2024-11,Cool,61.975,7.9,0.5,56.0,25.0,2.64,2.108626198083067,6.6,1.2083333333333333,1
35.1,Cloudy,14.4,1006.0,0.0,47,25,43.2,10.0,3.8,16.6,2268.1,53.0,67.34,34.965,54.205,54.575,3,7,Full Moon,100,2024,11,16,15,2024-11,Cool,31.265,14.4,1.9,66.0,25.0,1.88,1.339031339031339,4.7,1.152777777777778,1
30.1,Cloudy,3.6,1008.0,0.07,70,25,31.9,10.0,4.0,10.8,2754.65,60.0,103.045,74.37,71.78,71.965,4,10,Waning Gibbous,99,2024,11,17,15,2024-11,Cool,54.205,14.4,3.8,47.0,25.0,2.8,2.325581395348837,7.0,3.0,1
32.4,Cloudy,13.0,1008.0,0.0,49,50,33.8,10.0,4.0,14.9,1879.6,62.0,66.23,48.47,46.805,46.99,3,5,Waning Gibbous,95,2024,11,18,15,2024-11,Cool,71.78,3.6,4.0,70.0,25.0,0.98,1.5123456790123457,4.9,1.146153846153846,1
32.1,Cloudy,10.8,1009.0,0.0,52,50,34.7,10.0,1.7,12.8,2277.35,68.0,45.14,34.41,35.705,35.89,2,3,Waning Gibbous,89,2024,11,19,16,2024-11,Cool,46.805,13.0,4.0,49.0,50.0,1.04,1.6199376947040498,5.2,1.1851851851851851,1
33.1,Cloudy,10.1,1008.0,0.0,49,25,37.6,10.0,3.6,11.6,2242.2,48.0,49.765,36.63,39.775,40.145,2,4,Waning Gibbous,82,2024,11,20,15,2024-11,Cool,35.705,10.8,1.7,52.0,50.0,1.96,1.4803625377643503,4.9,1.1485148514851484,1
31.2,Cloudy,8.6,1008.0,0.0,55,25,33.7,10.0,3.9,9.9,2464.2,42.0,48.1,35.15,29.785,29.97,2,3,Waning Gibbous,73,2024,11,21,15,2024-11,Cool,39.775,10.1,3.6,49.0,25.0,2.2,1.7628205128205128,5.5,1.1511627906976745,1
32.4,Cloudy,9.7,1009.0,0.0,52,25,35.2,10.0,1.9,11.2,2445.7,46.0,48.84,33.485,32.19,32.375,2,3,Waning Gibbous,63,2024,11,22,15,2024-11,Cool,29.785,8.6,3.9,55.0,25.0,2.08,1.6049382716049383,5.2,1.154639175257732,1
32.2,Cloudy,9.0,1009.0,0.51,56,50,36.8,10.0,0.5,12.0,1646.5,81.0,40.885,32.56,26.455,26.64,2,3,Last Quarter,53,2024,11,23,16,2024-11,Cool,32.19,9.7,1.9,52.0,25.0,1.12,1.7391304347826086,5.6,1.3333333333333333,1
32.0,Cloudy,12.6,1009.0,0.01,52,25,34.8,10.0,2.3,14.6,2454.95,52.0,48.285,32.56,31.45,31.635,2,3,Waning Crescent,44,2024,11,24,15,2024-11,Cool,26.455,9.0,0.5,56.0,50.0,2.08,1.625,5.2,1.1587301587301588,1
33.3,Cloudy,12.2,1008.0,0.63,53,25,37.5,10.0,3.0,14.3,2582.6,54.0,47.545,32.375,33.67,33.855,2,3,Waning Crescent,35,2024,11,25,15,2024-11,Cool,31.45,12.6,2.3,52.0,25.0,2.12,1.5915915915915917,5.3,1.1721311475409837,1
33.3,Cloudy,15.1,1008.0,0.0,49,50,36.1,10.0,3.8,17.4,2645.5,46.0,53.465,36.075,31.08,31.265,2,3,Waning Crescent,26,2024,11,26,15,2024-11,Cool,33.67,12.2,3.0,53.0,25.0,0.98,1.4714714714714716,4.9,1.1523178807947019,1
32.1,Cloudy,15.1,1008.0,0.01,52,25,34.4,10.0,2.7,17.4,2127.5,60.0,38.295,28.49,19.98,20.165,2,2,Waning Crescent,18,2024,11,27,15,2024-11,Cool,31.08,15.1,3.8,49.0,50.0,2.08,1.6199376947040498,5.2,1.1523178807947019,1
30.2,Cloudy,13.3,1011.0,0.0,55,25,32.6,10.0,0.0,17.9,1233.95,137.0,28.305,26.085,34.595,35.15,2,3,Waning Crescent,11,2024,11,28,18,2024-11,Cool,19.98,15.1,2.7,52.0,25.0,2.2,1.8211920529801324,5.5,1.3458646616541352,1
28.4,Cloudy,4.7,1011.0,0.0,51,25,28.7,10.0,0.4,5.9,1822.25,107.0,32.56,29.785,37.74,38.48,2,4,Waning Crescent,6,2024,11,29,17,2024-11,Cool,34.595,13.3,0.0,55.0,25.0,2.04,1.795774647887324,5.1,1.2553191489361701,1
29.4,Clear,11.2,1009.0,0.0,45,0,29.4,10.0,0.4,13.9,2101.6,103.0,47.915,44.77,51.43,52.17,3,6,Waning Crescent,2,2024,11,30,17,2024-11,Cool,37.74,4.7,0.4,51.0,25.0,inf,1.5306122448979593,4.5,1.2410714285714286,1
30.2,Clear,9.0,1007.0,0.0,46,0,29.9,10.0,0.4,11.6,2619.6,105.0,58.275,53.835,51.245,51.8,3,6,New Moon,0,2024,12,1,17,2024-12,Cool,51.43,11.2,0.4,45.0,0.0,inf,1.5231788079470199,4.6,1.2888888888888888,1
31.0,Clear,9.0,1008.0,0.0,46,0,30.9,10.0,0.3,11.7,2257.0,112.0,83.25,74.925,64.565,65.305,3,8,Waxing Crescent,0,2024,12,2,17,2024-12,Cool,51.245,9.0,0.4,46.0,0.0,inf,1.4838709677419355,4.6,1.2999999999999998,1
32.1,Cloudy,11.9,1008.0,0.0,46,25,34.6,10.0,0.0,16.9,1620.6,127.0,50.875,47.545,41.44,42.92,3,4,Waxing Crescent,2,2024,12,3,18,2024-12,Cool,64.565,9.0,0.3,46.0,0.0,1.84,1.4330218068535825,4.6,1.4201680672268906,1
32.1,Cloudy,9.4,1008.0,0.0,46,25,32.8,10.0,0.4,11.9,2249.6,103.0,59.755,47.545,42.92,43.66,3,5,Waxing Crescent,6,2024,12,4,17,2024-12,Cool,41.44,11.9,0.0,46.0,25.0,1.84,1.4330218068535825,4.6,1.2659574468085106,1
32.3,Cloudy,8.3,1008.0,0.0,49,25,32.9,10.0,0.4,10.9,1790.8,76.0,68.08,52.725,42.735,43.475,3,5,Waxing Crescent,12,2024,12,5,17,2024-12,Cool,42.92,9.4,0.4,46.0,25.0,1.96,1.51702786377709,4.9,1.3132530120481927,1
32.0,Cloudy,6.1,1008.0,0.0,46,25,32.3,10.0,0.4,7.7,1635.4,98.0,60.68,51.43,45.51,46.25,3,5,Waxing Crescent,20,2024,12,6,17,2024-12,Cool,42.735,8.3,0.4,49.0,25.0,1.84,1.4375,4.6,1.2622950819672132,1
32.0,Cloudy,13.3,1009.0,0.0,56,25,33.6,10.0,0.3,17.1,1757.5,103.0,58.83,46.805,42.55,42.735,3,5,Waxing Crescent,29,2024,12,7,17,2024-12,Cool,45.51,6.1,0.4,46.0,25.0,2.24,1.75,5.6,1.2857142857142858,1
31.2,Cloudy,10.4,1010.0,0.0,55,25,32.1,10.0,0.3,13.0,1069.3,85.0,34.04,26.085,28.12,28.86,2,3,First Quarter,40,2024,12,8,17,2024-12,Cool,42.55,13.3,0.3,56.0,25.0,2.2,1.7628205128205128,5.5,1.25,1
30.1,Cloudy,6.8,1009.0,0.0,55,25,30.9,10.0,0.0,9.1,2551.15,146.0,37.37,43.105,52.17,52.725,3,6,Waxing Gibbous,51,2024,12,9,18,2024-12,Cool,28.12,10.4,0.3,55.0,25.0,2.2,1.8272425249169435,5.5,1.338235294117647,1
31.4,Cloudy,11.2,1007.0,0.0,49,25,32.4,10.0,0.0,16.1,1979.5,154.0,49.21,54.39,67.895,68.265,4,9,Waxing Gibbous,62,2024,12,10,18,2024-12,Cool,52.17,6.8,0.0,55.0,25.0,1.96,1.5605095541401275,4.9,1.4375000000000002,1
32.2,Cloudy,16.9,1006.0,0.0,46,25,33.9,10.0,0.3,21.3,1631.7,103.0,52.54,47.73,44.215,44.77,3,5,Waxing Gibbous,73,2024,12,11,17,2024-12,Cool,67.895,11.2,0.0,49.0,25.0,1.84,1.4285714285714284,4.6,1.260355029585799,1
31.1,Cloudy,7.6,1007.0,0.0,59,25,34.6,10.0,0.4,10.2,1948.05,77.0,29.415,26.64,25.16,25.53,2,3,Waxing Gibbous,82,2024,12,12,17,2024-12,Cool,44.215,16.9,0.3,46.0,25.0,2.36,1.8971061093247588,5.9,1.3421052631578947,1
28.4,Cloudy,14.4,1009.0,0.0,66,75,31.1,10.0,0.2,17.9,1772.3,88.0,39.59,34.965,27.935,28.12,2,3,Waxing Gibbous,90,2024,12,13,17,2024-12,Cool,25.16,7.6,0.4,59.0,25.0,0.88,2.323943661971831,6.6,1.2430555555555554,1
28.4,Cloudy,19.1,1010.0,0.0,55,25,29.4,10.0,0.0,24.9,1916.6,103.0,35.335,40.885,27.01,27.195,2,3,Waxing Gibbous,96,2024,12,14,18,2024-12,Cool,27.935,14.4,0.2,66.0,75.0,2.2,1.9366197183098592,5.5,1.3036649214659684,1
28.4,Cloudy,19.4,1012.0,0.0,48,25,28.6,10.0,0.3,24.0,1811.15,76.0,31.08,35.52,31.265,31.265,2,3,Full Moon,99,2024,12,15,17,2024-12,Cool,27.01,19.1,0.0,55.0,25.0,1.92,1.6901408450704227,4.8,1.2371134020618557,1
29.3,Cloudy,9.7,1013.0,0.0,45,50,29.3,10.0,0.0,13.4,1594.7,97.0,39.22,37.185,43.475,43.845,3,5,Waning Gibbous,100,2024,12,16,18,2024-12,Cool,31.265,19.4,0.3,48.0,25.0,0.9,1.5358361774744027,4.5,1.3814432989690724,1
29.3,Clear,10.4,1011.0,0.0,43,0,28.7,10.0,0.4,12.8,2271.8,103.0,42.365,44.955,51.06,51.43,3,6,Waning Gibbous,98,2024,12,17,17,2024-12,Cool,43.475,9.7,0.0,45.0,50.0,inf,1.4675767918088738,4.3,1.2307692307692308,1
30.1,Cloudy,10.1,1010.0,0.0,49,25,29.7,10.0,0.4,12.5,1931.4,93.0,40.885,35.89,46.065,46.435,3,5,Waning Gibbous,93,2024,12,18,17,2024-12,Cool,51.06,10.4,0.4,43.0,0.0,1.96,1.627906976744186,4.9,1.2376237623762376,1
31.2,Cloudy,9.7,1010.0,0.0,35,31,31.1,10.0,0.4,11.9,2166.35,98.0,33.3,33.3,50.135,50.875,3,6,Waning Gibbous,87,2024,12,19,17,2024-12,Cool,46.065,10.1,0.4,49.0,25.0,1.1290322580645162,1.1217948717948718,3.5,1.2268041237113403,1
28.6,Clear,14.0,1010.0,0.0,36,0,28.2,10.0,0.0,19.3,2066.45,127.0,30.525,33.485,45.695,46.435,3,5,Waning Gibbous,79,2024,12,20,18,2024-12,Cool,50.135,9.7,0.4,35.0,31.0,inf,1.2587412587412588,3.6,1.3785714285714286,1
30.5,Clear,4.0,1009.0,0.0,31,17,29.6,10.0,0.4,4.9,2534.5,101.0,46.62,41.44,46.435,46.805,3,5,Waning Gibbous,71,2024,12,21,17,2024-12,Cool,45.695,14.0,0.0,36.0,0.0,1.8235294117647058,1.0163934426229508,3.1,1.225,1
29.9,Cloudy,8.3,1009.0,0.0,34,27,29.3,10.0,0.4,10.2,1818.55,104.0,33.115,30.525,44.4,45.14,3,5,Waning Gibbous,62,2024,12,22,17,2024-12,Cool,46.435,4.0,0.4,31.0,17.0,1.2592592592592593,1.1371237458193981,3.4,1.2289156626506021,1
29.5,Clear,11.5,1008.0,0.0,29,2,28.3,10.0,0.3,14.5,1772.3,97.0,43.845,41.625,54.575,55.315,3,7,Last Quarter,52,2024,12,23,17,2024-12,Cool,44.4,8.3,0.4,34.0,27.0,14.5,0.9830508474576272,2.9,1.2608695652173914,1
24.7,Cloudy,6.1,1012.0,0.0,49,27,25.6,10.0,0.0,9.2,1448.55,133.0,55.13,35.89,60.865,61.79,3,8,Waning Crescent,43,2024,12,24,17,2024-12,Cool,54.575,11.5,0.3,29.0,2.0,1.8148148148148149,1.9838056680161944,4.9,1.5081967213114753,1
30.1,Clear,16.6,1011.0,0.0,41,7,30.4,10.0,0.0,22.6,1574.35,124.0,34.595,36.815,65.86,66.415,4,9,Waning Crescent,34,2024,12,25,18,2024-12,Cool,60.865,6.1,0.0,49.0,27.0,5.857142857142857,1.3621262458471761,4.1,1.3614457831325302,1
32.7,Cloudy,11.2,1010.0,0.0,39,80,33.8,10.0,0.3,13.8,1805.6,89.0,47.915,45.14,59.015,59.2,3,8,Waning Crescent,25,2024,12,26,17,2024-12,Cool,65.86,16.6,0.0,41.0,7.0,0.4875,1.1926605504587156,3.9,1.2321428571428572,1
31.4,Cloudy,12.6,1012.0,0.0,52,25,32.2,10.0,0.1,16.3,2147.85,84.0,45.51,41.07,33.115,33.115,2,3,Waning Crescent,17,2024,12,27,17,2024-12,Cool,59.015,11.2,0.3,39.0,80.0,2.08,1.6560509554140128,5.2,1.2936507936507937,1
29.4,Cloudy,19.4,1013.0,0.0,55,25,29.4,10.0,0.3,23.8,1555.85,95.0,30.895,33.855,31.45,31.635,2,3,Waning Crescent,11,2024,12,28,17,2024-12,Cool,33.115,12.6,0.1,52.0,25.0,2.2,1.870748299319728,5.5,1.2268041237113403,1
29.2,Clear,7.9,1012.0,0.0,48,0,28.9,10.0,1.5,9.1,2406.85,83.0,40.33,42.55,50.32,50.505,3,6,Waning Crescent,5,2024,12,29,16,2024-12,Cool,31.45,19.4,0.3,55.0,25.0,inf,1.6438356164383563,4.8,1.1518987341772151,1
31.1,Clear,3.6,1011.0,0.0,43,0,30.7,10.0,0.0,4.0,1602.1,141.0,51.43,57.905,75.295,75.85,4,10,Waning Crescent,2,2024,12,30,18,2024-12,Cool,50.32,7.9,1.5,48.0,0.0,inf,1.382636655948553,4.3,1.1111111111111112,1
30.4,Clear,10.1,1011.0,0.0,40,0,29.4,10.0,0.4,12.2,2221.85,89.0,49.95,40.7,49.025,49.58,3,6,New Moon,0,2024,12,31,17,2024-12,Cool,75.295,3.6,0.0,43.0,0.0,inf,1.3157894736842106,4.0,1.2079207920792079,1
30.2,Cloudy,4.7,1009.0,0.0,38,25,29.1,10.0,0.4,5.6,2586.3,89.0,52.725,45.51,52.17,52.725,3,6,Waxing Crescent,1,2025,1,1,17,2025-01,Cool,49.025,10.1,0.4,40.0,0.0,1.52,1.2582781456953642,3.8,1.1914893617021276,1
31.3,Cloudy,9.0,1009.0,0.0,41,25,29.5,10.0,0.4,11.1,2701.0,101.0,74.925,63.64,82.695,82.88,4,10,Waxing Crescent,4,2025,1,2,17,2025-01,Cool,52.17,4.7,0.4,38.0,25.0,1.64,1.3099041533546325,4.1,1.2333333333333334,1
30.1,Cloudy,7.9,1011.0,0.0,46,25,29.1,10.0,0.4,9.6,2127.5,92.0,49.21,40.515,62.53,63.085,3,8,Waxing Crescent,9,2025,1,3,17,2025-01,Cool,82.695,9.0,0.4,41.0,25.0,1.84,1.5282392026578073,4.6,1.2151898734177213,1
30.3,Clear,3.6,1010.0,0.0,43,0,29.4,10.0,0.4,10.8,2665.85,115.0,46.62,51.615,78.625,78.995,4,10,Waxing Crescent,16,2025,1,4,17,2025-01,Cool,62.53,7.9,0.4,46.0,25.0,inf,1.4191419141914192,4.3,3.0,1
29.0,Clear,14.4,1011.0,0.0,31,0,27.2,10.0,0.4,17.3,2358.75,110.0,49.025,45.325,73.63,74.925,4,10,Waxing Crescent,25,2025,1,5,17,2025-01,Cool,78.625,3.6,0.4,43.0,0.0,inf,1.0689655172413792,3.1,1.2013888888888888,1
29.2,Clear,5.4,1011.0,0.0,35,0,27.5,10.0,0.4,6.5,2319.9,102.0,54.575,51.615,73.63,74.74,4,10,Waxing Crescent,36,2025,1,6,17,2025-01,Cool,73.63,14.4,0.4,31.0,0.0,inf,1.1986301369863015,3.5,1.2037037037037037,1
29.0,Clear,6.5,1010.0,0.0,40,0,27.3,10.0,8.0,8.0,1696.45,90.0,94.35,77.515,89.725,90.465,4,10,First Quarter,47,2025,1,7,17,2025-01,Cool,73.63,5.4,0.4,35.0,0.0,inf,1.3793103448275863,4.0,1.2307692307692308,1
32.2,Clear,5.0,1010.0,0.0,34,0,31.1,10.0,0.4,6.1,3059.9,119.0,86.765,67.525,76.22,76.59,4,10,Waxing Gibbous,58,2025,1,8,17,2025-01,Cool,89.725,6.5,8.0,40.0,0.0,inf,1.0559006211180124,3.4,1.22,1
31.2,Clear,8.3,1012.0,0.0,38,0,30.2,10.0,0.4,10.0,2175.6,103.0,64.38,54.39,57.905,58.275,3,7,Waxing Gibbous,69,2025,1,9,17,2025-01,Cool,76.22,5.0,0.4,34.0,0.0,inf,1.217948717948718,3.8,1.2048192771084336,1
29.1,Clear,17.6,1014.0,0.0,48,0,28.3,10.0,0.0,23.8,1633.55,124.0,24.05,20.905,27.01,27.38,2,3,Waxing Gibbous,79,2025,1,10,18,2025-01,Cool,57.905,8.3,0.4,38.0,0.0,inf,1.6494845360824741,4.8,1.3522727272727273,1
28.1,Cloudy,15.5,1015.0,0.0,45,25,27.6,10.0,0.4,17.8,1548.45,109.0,25.715,25.16,51.06,51.615,3,6,Waxing Gibbous,87,2025,1,11,17,2025-01,Cool,27.01,17.6,0.0,48.0,0.0,1.8,1.601423487544484,4.5,1.1483870967741936,1
25.4,Cloudy,11.2,1015.0,0.0,39,25,25.3,10.0,0.4,13.2,1959.15,100.0,31.08,32.19,59.2,60.495,3,8,Waxing Gibbous,94,2025,1,12,17,2025-01,Cool,51.06,15.5,0.4,45.0,25.0,1.56,1.535433070866142,3.9,1.1785714285714286,1
26.3,Clear,6.1,1013.0,0.0,32,0,24.9,10.0,0.4,7.4,2234.8,90.0,41.995,37.925,46.435,46.99,3,5,Waxing Gibbous,98,2025,1,13,17,2025-01,Cool,59.2,11.2,0.4,39.0,25.0,inf,1.2167300380228137,3.2,1.213114754098361,1
26.1,Clear,6.1,1013.0,0.0,42,0,25.1,10.0,0.0,9.2,1824.1,116.0,59.94,55.315,51.985,52.17,3,6,Full Moon,100,2025,1,14,18,2025-01,Cool,46.435,6.1,0.4,32.0,0.0,inf,1.6091954022988504,4.2,1.5081967213114753,1
31.2,Clear,10.1,1011.0,0.0,43,0,30.3,10.0,0.4,12.2,1757.5,86.0,57.905,46.065,49.95,50.135,3,6,Waning Gibbous,99,2025,1,15,17,2025-01,Cool,51.985,6.1,0.0,42.0,0.0,inf,1.3782051282051282,4.3,1.2079207920792079,1
30.2,Cloudy,9.4,1012.0,0.0,46,25,30.4,10.0,0.4,11.1,1594.7,94.0,40.33,34.78,43.105,43.475,3,5,Waning Gibbous,96,2025,1,16,17,2025-01,Cool,49.95,10.1,0.4,43.0,0.0,1.84,1.5231788079470199,4.6,1.180851063829787,1
29.2,Clear,5.8,1011.0,0.0,43,0,28.2,10.0,0.4,6.8,2277.35,116.0,37.555,39.59,73.815,74.555,4,10,Waning Gibbous,92,2025,1,17,17,2025-01,Cool,43.105,9.4,0.4,46.0,25.0,inf,1.4726027397260275,4.3,1.1724137931034482,1
30.3,Clear,6.8,1010.0,0.0,31,0,28.2,10.0,0.4,8.4,2577.05,94.0,64.38,55.87,70.67,71.04,4,9,Waning Gibbous,86,2025,1,18,17,2025-01,Cool,73.815,5.8,0.4,43.0,0.0,inf,1.023102310231023,3.1,1.2352941176470589,1
32.3,Clear,7.2,1007.0,0.0,19,0,30.1,10.0,0.4,8.7,2329.15,93.0,72.705,57.165,71.78,72.15,4,10,Waning Gibbous,78,2025,1,19,17,2025-01,Cool,70.67,6.8,0.4,31.0,0.0,inf,0.5882352941176471,1.9,1.2083333333333333,1
30.1,Clear,4.7,1009.0,0.0,35,0,27.9,9.0,1.7,5.4,2416.1,71.0,100.825,54.575,73.26,73.445,4,10,Waning Gibbous,70,2025,1,20,16,2025-01,Cool,71.78,7.2,0.4,19.0,0.0,inf,1.1627906976744184,3.888888888888889,1.148936170212766,1
31.3,Clear,7.6,1009.0,0.0,29,0,29.1,10.0,0.4,9.2,2369.85,113.0,81.03,52.54,64.565,64.75,3,8,Waning Gibbous,61,2025,1,21,17,2025-01,Cool,73.26,4.7,1.7,35.0,0.0,inf,0.926517571884984,2.9,1.2105263157894737,1
32.1,Clear,3.6,1009.0,0.0,30,0,29.9,10.0,0.4,10.8,2364.3,121.0,110.445,62.53,90.65,90.835,4,10,Last Quarter,51,2025,1,22,17,2025-01,Cool,64.565,7.6,0.4,29.0,0.0,inf,0.9345794392523364,3.0,3.0,1
32.1,Clear,15.1,1009.0,0.0,32,0,31.5,9.0,0.4,17.4,3677.8,132.0,130.98,100.27,108.41,108.595,4,10,Waning Crescent,42,2025,1,23,17,2025-01,Cool,90.65,3.6,0.4,30.0,0.0,inf,0.9968847352024922,3.5555555555555554,1.1523178807947019,1
34.2,Clear,16.2,1008.0,0.0,32,0,34.3,8.0,0.4,18.9,2491.95,160.0,143.56,98.79,154.29,154.29,5,10,Waning Crescent,33,2025,1,24,17,2025-01,Cool,108.41,15.1,0.4,32.0,0.0,inf,0.935672514619883,4.0,1.1666666666666667,1
32.2,Clear,18.0,1007.0,0.0,41,0,32.1,9.0,0.5,20.7,2290.3,183.0,59.015,44.4,99.715,100.27,4,10,Waning Crescent,24,2025,1,25,17,2025-01,Cool,154.29,16.2,0.4,32.0,0.0,inf,1.2732919254658384,4.555555555555555,1.15,1
35.3,Clear,9.7,1007.0,0.0,32,0,35.1,10.0,0.4,11.4,1929.55,147.0,24.79,18.87,37.74,41.07,2,4,Waning Crescent,16,2025,1,26,17,2025-01,Cool,99.715,18.0,0.5,41.0,0.0,inf,0.906515580736544,3.2,1.175257731958763,1
28.2,Clear,11.2,1010.0,0.0,48,0,27.5,10.0,0.4,13.0,1722.35,80.0,30.155,32.005,24.05,24.235,2,3,Waning Crescent,9,2025,1,27,17,2025-01,Cool,37.74,9.7,0.4,32.0,0.0,inf,1.702127659574468,4.8,1.1607142857142858,1
28.2,Clear,8.3,1013.0,0.0,42,0,27.2,10.0,0.0,11.0,1559.55,115.0,37.555,36.63,50.135,50.875,3,6,Waning Crescent,4,2025,1,28,18,2025-01,Cool,24.05,11.2,0.4,48.0,0.0,inf,1.4893617021276595,4.2,1.325301204819277,1
28.0,Clear,7.2,1013.0,0.0,42,0,26.8,10.0,0.4,8.3,2521.55,106.0,35.52,31.635,51.245,51.985,3,6,New Moon,1,2025,1,29,17,2025-01,Cool,50.135,8.3,0.0,42.0,0.0,inf,1.5,4.2,1.152777777777778,1
30.3,Clear,3.6,1010.0,0.0,38,0,28.6,10.0,0.5,10.8,2399.45,98.0,66.045,55.13,64.01,64.38,3,8,Waxing Crescent,0,2025,1,30,17,2025-01,Cool,51.245,7.2,0.4,42.0,0.0,inf,1.2541254125412542,3.8,3.0,1
32.2,Clear,8.3,1008.0,0.0,34,0,31.1,9.0,0.5,9.5,2723.2,147.0,140.045,102.305,129.13,130.055,4,10,Waxing Crescent,2,2025,1,31,17,2025-01,Cool,64.01,3.6,0.5,38.0,0.0,inf,1.0559006211180124,3.7777777777777777,1.1445783132530118,1
34.3,Clear,17.3,1006.0,0.0,30,0,36.0,9.0,0.5,19.9,2812.0,183.0,56.055,48.84,96.015,97.31,4,10,Waxing Crescent,6,2025,2,1,17,2025-02,Cool,129.13,8.3,0.5,34.0,0.0,inf,0.8746355685131196,3.3333333333333335,1.1502890173410403,1
34.3,Clear,14.0,1006.0,0.0,39,0,35.5,9.0,0.5,16.2,2388.35,182.0,47.36,39.775,69.005,70.3,4,9,Waxing Crescent,13,2025,2,2,17,2025-02,Cool,96.015,17.3,0.5,30.0,0.0,inf,1.1370262390670556,4.333333333333333,1.157142857142857,1
35.1,Clear,10.4,1006.0,0.0,35,0,35.2,9.0,0.5,12.1,1579.9,149.0,37.925,26.455,68.635,71.225,4,9,Waxing Crescent,22,2025,2,3,17,2025-02,Cool,69.005,14.0,0.5,39.0,0.0,inf,0.9971509971509971,3.888888888888889,1.1634615384615383,1
31.0,Clear,6.5,1010.0,0.0,49,0,30.1,9.0,0.4,7.5,1306.1,85.0,32.745,22.755,37.185,37.555,2,4,Waxing Crescent,32,2025,2,4,17,2025-02,Cool,68.635,10.4,0.5,35.0,0.0,inf,1.5806451612903225,5.444444444444445,1.1538461538461537,1
32.2,Cloudy,16.6,1008.0,0.0,43,25,32.4,10.0,0.5,19.0,1626.15,114.0,43.29,32.19,46.99,47.36,3,5,First Quarter,43,2025,2,5,17,2025-02,Cool,37.185,6.5,0.4,49.0,0.0,1.72,1.3354037267080745,4.3,1.1445783132530118,1
32.0,Cloudy,16.6,1007.0,0.0,49,25,32.0,10.0,0.5,19.0,1938.8,126.0,116.55,86.21,94.905,95.275,4,10,Waxing Gibbous,54,2025,2,6,17,2025-02,Cool,46.99,16.6,0.5,43.0,25.0,1.96,1.53125,4.9,1.1445783132530118,1
34.1,Cloudy,16.9,1009.0,0.0,39,25,35.0,10.0,0.4,19.5,1964.7,109.0,34.965,22.015,50.135,52.355,3,6,Waxing Gibbous,65,2025,2,7,17,2025-02,Cool,94.905,16.6,0.5,49.0,25.0,1.56,1.1436950146627565,3.9,1.153846153846154,1
32.4,Clear,11.9,1010.0,0.0,41,0,31.3,9.0,0.5,13.7,1233.95,102.0,28.86,22.94,26.64,26.825,2,3,Waxing Gibbous,75,2025,2,8,17,2025-02,Cool,50.135,16.9,0.4,39.0,25.0,inf,1.2654320987654322,4.555555555555555,1.1512605042016806,1
30.1,Clear,9.7,1010.0,0.0,43,0,29.0,10.0,0.5,11.2,1243.2,97.0,25.9,20.72,21.645,21.83,2,2,Waxing Gibbous,84,2025,2,9,17,2025-02,Cool,26.64,11.9,0.5,41.0,0.0,inf,1.4285714285714286,4.3,1.154639175257732,1
31.2,Clear,6.1,1010.0,0.0,36,0,29.5,10.0,0.5,7.1,2429.05,98.0,45.695,38.85,48.1,48.47,3,6,Waxing Gibbous,91,2025,2,10,17,2025-02,Cool,21.645,9.7,0.5,43.0,0.0,inf,1.153846153846154,3.6,1.1639344262295082,1
32.1,Clear,3.6,1009.0,0.0,38,0,29.9,10.0,0.5,10.8,2456.8,118.0,91.945,66.785,70.3,70.485,4,9,Waxing Gibbous,96,2025,2,11,17,2025-02,Cool,48.1,6.1,0.5,36.0,0.0,inf,1.1838006230529594,3.8,3.0,1
34.4,Cloudy,15.5,1009.0,0.0,34,25,34.2,9.0,0.5,17.8,2018.35,163.0,113.405,96.385,114.145,114.145,4,10,Full Moon,99,2025,2,12,17,2025-02,Cool,70.3,3.6,0.5,38.0,0.0,1.36,0.9883720930232559,3.7777777777777777,1.1483870967741936,1
35.2,Cloudy,15.8,1008.0,0.0,35,25,34.9,10.0,0.5,18.2,2641.8,126.0,161.505,111.555,113.22,113.775,4,10,Waning Gibbous,100,2025,2,13,17,2025-02,Cool,114.145,15.5,0.5,34.0,25.0,1.4,0.9943181818181818,3.5,1.1518987341772151,1
34.1,Cloudy,16.6,1008.0,0.0,44,25,34.3,9.0,0.5,19.0,1953.6,171.0,81.4,59.015,90.65,91.575,4,10,Waning Gibbous,99,2025,2,14,17,2025-02,Cool,113.22,15.8,0.5,35.0,25.0,1.76,1.2903225806451613,4.888888888888889,1.1445783132530118,1
35.2,Cloudy,20.2,1006.0,0.0,37,25,35.6,9.0,0.6,23.2,1566.95,123.0,38.48,25.715,65.86,67.895,4,9,Waning Gibbous,96,2025,2,15,17,2025-02,Cool,90.65,16.6,0.5,44.0,25.0,1.48,1.0511363636363635,4.111111111111111,1.1485148514851484,1
35.4,Cloudy,19.4,1007.0,0.0,37,25,36.3,10.0,0.6,22.4,1589.15,127.0,32.19,20.72,47.36,53.095,3,5,Waning Gibbous,91,2025,2,16,17,2025-02,Cool,65.86,20.2,0.6,37.0,25.0,1.48,1.0451977401129944,3.7,1.154639175257732,1
33.3,Cloudy,22.7,1009.0,0.0,49,25,36.5,10.0,0.6,26.1,1250.6,103.0,21.46,12.395,50.135,56.61,3,6,Waning Gibbous,85,2025,2,17,17,2025-02,Cool,47.36,19.4,0.6,37.0,25.0,1.96,1.4714714714714716,4.9,1.1497797356828194,1
33.1,Cloudy,19.4,1010.0,0.0,53,25,35.4,10.0,0.6,22.4,1418.95,92.0,25.345,15.91,29.97,32.005,2,3,Waning Gibbous,77,2025,2,18,17,2025-02,Cool,50.135,22.7,0.6,49.0,25.0,2.12,1.6012084592145015,5.3,1.154639175257732,1
32.2,Cloudy,8.3,1009.0,0.0,56,25,33.4,10.0,0.6,9.6,1702.0,116.0,72.89,61.975,75.85,77.145,4,10,Waning Gibbous,69,2025,2,19,17,2025-02,Cool,29.97,19.4,0.6,53.0,25.0,2.24,1.7391304347826086,5.6,1.1566265060240963,1
34.2,Cloudy,6.5,1009.0,0.0,44,25,36.3,10.0,0.2,8.0,1763.05,167.0,91.945,73.63,132.645,133.57,4,10,Last Quarter,60,2025,2,20,17,2025-02,Cool,75.85,8.3,0.6,56.0,25.0,1.76,1.286549707602339,4.4,1.2307692307692308,1
32.2,Cloudy,4.3,1011.0,0.0,59,50,31.7,10.0,0.4,5.0,2238.5,121.0,83.25,56.055,86.95,87.875,4,10,Last Quarter,50,2025,2,21,17,2025-02,Cool,132.645,6.5,0.2,44.0,25.0,1.18,1.8322981366459625,5.9,1.1627906976744187,1
34.0,Cloudy,3.6,1010.0,0.0,44,25,34.6,10.0,0.5,10.8,1480.0,159.0,75.11,68.265,138.75,140.045,4,10,Waning Crescent,41,2025,2,22,17,2025-02,Cool,86.95,4.3,0.4,59.0,50.0,1.76,1.2941176470588236,4.4,3.0,1
34.2,Cloudy,17.3,1011.0,0.0,44,25,37.3,10.0,0.5,21.2,1807.45,88.0,43.66,29.6,35.705,36.075,2,3,Waning Crescent,31,2025,2,23,17,2025-02,Cool,138.75,3.6,0.5,44.0,25.0,1.76,1.286549707602339,4.4,1.2254335260115605,1
28.3,Cloudy,10.8,1014.0,0.01,66,75,29.2,10.0,0.1,14.3,2366.15,87.0,32.93,21.83,25.715,25.9,2,3,Waning Crescent,22,2025,2,24,17,2025-02,Cool,35.705,17.3,0.5,44.0,25.0,0.88,2.3321554770318023,6.6,1.324074074074074,1
27.1,Cloudy,15.5,1015.0,0.0,62,50,29.5,10.0,0.1,20.5,1988.75,81.0,40.885,26.455,30.525,30.895,2,3,Waning Crescent,14,2025,2,25,17,2025-02,Cool,25.715,10.8,0.1,66.0,75.0,1.24,2.2878228782287824,6.2,1.3225806451612903,1
33.0,Cloudy,8.6,1012.0,0.0,41,25,34.0,10.0,0.7,10.2,1907.35,115.0,46.62,42.18,42.92,42.92,3,5,Waning Crescent,7,2025,2,26,17,2025-02,Cool,30.525,15.5,0.1,62.0,50.0,1.64,1.2424242424242424,4.1,1.1860465116279069,1
34.3,Cloudy,7.2,1010.0,0.0,44,25,34.0,10.0,2.5,8.3,2849.0,78.0,67.525,52.17,49.21,50.505,3,6,Waning Crescent,2,2025,2,27,16,2025-02,Cool,42.92,8.6,0.7,41.0,25.0,1.76,1.282798833819242,4.4,1.152777777777778,1
34.2,Cloudy,18.4,1009.0,0.0,53,25,36.7,10.0,0.7,21.1,1916.6,153.0,103.785,84.545,119.695,120.62,4,10,New Moon,0,2025,2,28,17,2025-02,Cool,49.21,7.2,2.5,44.0,25.0,2.12,1.5497076023391811,5.3,1.1467391304347827,1
34.2,Cloudy,18.0,1007.0,0.0,53,25,38.5,10.0,2.4,20.7,1443.0,103.0,18.5,11.285,30.525,34.41,2,3,Waxing Crescent,1,2025,3,1,16,2025-03,Hot,119.695,18.4,0.7,53.0,25.0,2.12,1.5497076023391811,5.3,1.15,1
35.1,Cloudy,15.5,1006.0,0.0,50,25,40.6,10.0,0.7,17.8,1082.25,109.0,16.28,10.545,30.34,35.705,2,3,Waxing Crescent,4,2025,3,2,17,2025-03,Hot,30.525,18.0,2.4,53.0,25.0,2.0,1.4245014245014245,5.0,1.1483870967741936,1
35.2,Cloudy,17.6,1005.0,0.0,47,25,40.6,10.0,2.3,20.3,960.15,93.0,12.395,7.215,30.895,35.15,2,3,Waxing Crescent,10,2025,3,3,16,2025-03,Hot,30.34,15.5,0.7,50.0,25.0,1.88,1.3352272727272727,4.7,1.1534090909090908,1
35.0,Cloudy,19.1,1005.0,0.0,39,25,37.9,10.0,2.6,22.0,969.4,102.0,12.395,7.585,36.075,40.33,2,4,Waxing Crescent,18,2025,3,4,16,2025-03,Hot,30.895,17.6,2.3,47.0,25.0,1.56,1.1142857142857143,3.9,1.1518324607329842,1
36.3,Cloudy,19.1,1005.0,0.0,45,25,41.1,10.0,2.7,22.0,1074.85,84.0,15.54,9.065,27.75,32.375,2,3,Waxing Crescent,28,2025,3,5,16,2025-03,Hot,36.075,19.1,2.6,39.0,25.0,1.8,1.2396694214876034,4.5,1.1518324607329842,1
35.1,Cloudy,18.0,1007.0,0.0,35,25,37.2,10.0,2.7,20.7,1100.75,67.0,13.875,7.585,23.865,29.045,2,2,First Quarter,39,2025,3,6,16,2025-03,Hot,27.75,19.1,2.7,45.0,25.0,1.4,0.9971509971509971,3.5,1.15,1
26.4,Rain,14.4,1009.0,0.0,89,75,27.3,9.0,0.7,17.9,1450.4,65.0,37.0,18.87,29.045,31.265,2,3,Waxing Gibbous,50,2025,3,7,16,2025-03,Hot,23.865,18.0,2.7,35.0,25.0,1.1866666666666668,3.3712121212121215,9.88888888888889,1.2430555555555554,1
30.0,Cloudy,11.9,1010.0,0.0,59,50,30.9,10.0,1.8,13.7,1866.65,101.0,39.59,28.86,56.795,57.35,3,7,Waxing Gibbous,61,2025,3,8,16,2025-03,Hot,29.045,14.4,0.7,89.0,75.0,1.18,1.9666666666666666,5.9,1.1512605042016806,1
34.2,Cloudy,11.2,1010.0,0.0,41,25,34.4,10.0,2.8,12.9,1831.5,93.0,75.48,59.2,73.815,74.0,4,10,Waxing Gibbous,71,2025,3,9,16,2025-03,Hot,56.795,11.9,1.8,59.0,50.0,1.64,1.198830409356725,4.1,1.1517857142857144,1
35.2,Cloudy,14.0,1009.0,0.0,42,25,35.6,10.0,2.8,16.2,2279.2,102.0,52.725,35.89,48.655,48.84,3,6,Waxing Gibbous,80,2025,3,10,16,2025-03,Hot,73.815,11.2,2.8,41.0,25.0,1.68,1.1931818181818181,4.2,1.157142857142857,1
35.4,Cloudy,16.6,1007.0,0.0,47,50,37.6,10.0,2.2,19.0,1998.0,120.0,55.87,38.295,49.58,52.17,3,6,Waxing Gibbous,88,2025,3,11,16,2025-03,Hot,48.655,14.0,2.8,42.0,25.0,0.94,1.3276836158192091,4.7,1.1445783132530118,1
35.2,Cloudy,19.8,1005.0,0.0,47,25,38.4,10.0,3.1,22.8,2129.35,116.0,24.79,17.205,36.815,37.74,2,4,Waxing Gibbous,94,2025,3,12,16,2025-03,Hot,49.58,16.6,2.2,47.0,50.0,1.88,1.3352272727272727,4.7,1.1515151515151516,1
33.1,Cloudy,18.4,1006.0,0.0,56,25,34.5,10.0,3.0,21.1,1159.95,99.0,17.02,10.915,31.265,34.41,2,3,Waxing Gibbous,98,2025,3,13,16,2025-03,Hot,36.815,19.8,3.1,47.0,25.0,2.24,1.6918429003021147,5.6,1.1467391304347827,1
30.3,Cloudy,17.3,1009.0,0.0,70,25,30.4,10.0,3.1,19.9,1254.3,73.0,16.65,9.435,17.945,20.535,2,2,Full Moon,100,2025,3,14,16,2025-03,Hot,31.265,18.4,3.0,56.0,25.0,2.8,2.31023102310231,7.0,1.1502890173410403,1
34.0,Cloudy,17.6,1008.0,0.0,53,25,37.6,10.0,2.6,20.3,997.15,81.0,14.43,9.99,28.675,34.04,2,3,Waning Gibbous,100,2025,3,15,16,2025-03,Hot,17.945,17.3,3.1,70.0,25.0,2.12,1.5588235294117647,5.3,1.1534090909090908,1
35.3,Cloudy,19.1,1007.0,0.0,53,25,39.2,10.0,2.9,22.0,958.3,95.0,19.055,11.1,34.78,38.85,2,3,Waning Gibbous,98,2025,3,16,16,2025-03,Hot,28.675,17.6,2.6,53.0,25.0,2.12,1.501416430594901,5.3,1.1518324607329842,1
34.3,Cloudy,21.2,1008.0,0.0,50,25,37.5,10.0,0.9,24.4,1394.9,121.0,37.37,27.01,58.275,60.31,3,7,Waning Gibbous,95,2025,3,17,16,2025-03,Hot,34.78,19.1,2.9,53.0,25.0,2.0,1.457725947521866,5.0,1.150943396226415,1
35.1,Cloudy,13.3,1009.0,0.0,44,25,38.1,10.0,2.4,15.3,2347.65,120.0,54.76,41.255,77.515,78.81,4,10,Waning Gibbous,90,2025,3,18,16,2025-03,Hot,58.275,21.2,0.9,50.0,25.0,1.76,1.2535612535612535,4.4,1.150375939849624,1
32.2,Cloudy,13.3,1013.0,0.0,43,25,31.1,10.0,2.4,15.3,1359.75,107.0,34.965,25.53,63.455,64.75,3,8,Waning Gibbous,83,2025,3,19,16,2025-03,Hot,77.515,13.3,2.4,44.0,25.0,1.72,1.3354037267080745,4.3,1.150375939849624,1
31.3,Cloudy,10.1,1013.0,0.0,38,25,29.7,10.0,2.2,11.6,1646.5,118.0,37.185,28.86,82.88,86.395,4,10,Waning Gibbous,76,2025,3,20,16,2025-03,Hot,63.455,13.3,2.4,43.0,25.0,1.52,1.2140575079872205,3.8,1.1485148514851484,1
31.1,Cloudy,13.7,1013.0,0.0,41,25,29.2,10.0,1.9,15.7,2630.7,110.0,51.245,40.515,99.345,102.86,4,10,Waning Gibbous,67,2025,3,21,16,2025-03,Hot,82.88,10.1,2.2,38.0,25.0,1.64,1.3183279742765273,4.1,1.145985401459854,1
33.2,Clear,5.4,1011.0,0.0,36,0,31.1,9.0,1.5,6.2,2630.7,127.0,65.675,47.73,116.365,118.955,4,10,Last Quarter,58,2025,3,22,16,2025-03,Hot,99.345,13.7,1.9,41.0,25.0,inf,1.0843373493975903,4.0,1.1481481481481481,1
35.1,Cloudy,5.0,1009.0,0.0,35,25,33.3,9.0,2.2,5.8,3674.1,107.0,191.105,103.23,184.445,187.775,5,10,Waning Crescent,48,2025,3,23,16,2025-03,Hot,116.365,5.4,1.5,36.0,0.0,1.4,0.9971509971509971,3.888888888888889,1.16,1
35.2,Cloudy,21.6,1007.0,0.0,44,25,36.9,8.0,2.3,24.8,2023.9,204.0,60.31,46.435,117.66,120.25,4,10,Waning Crescent,38,2025,3,24,16,2025-03,Hot,184.445,5.0,2.2,35.0,25.0,1.76,1.25,5.5,1.1481481481481481,1
36.2,Cloudy,18.0,1004.0,0.0,47,25,39.2,8.0,2.4,20.7,1679.8,148.0,31.82,21.46,84.73,88.06,4,10,Waning Crescent,28,2025,3,25,16,2025-03,Hot,117.66,21.6,2.3,44.0,25.0,1.88,1.298342541436464,5.875,1.15,1
34.1,Cloudy,19.8,1003.0,0.0,56,25,36.2,9.0,2.5,22.8,1391.2,113.0,14.985,9.62,60.865,64.38,3,8,Waning Crescent,18,2025,3,26,16,2025-03,Hot,84.73,18.0,2.4,47.0,25.0,2.24,1.6422287390029324,6.222222222222222,1.1515151515151516,1
35.3,Cloudy,19.1,1002.0,0.0,47,25,36.4,9.0,2.8,22.0,1420.8,116.0,17.575,12.025,57.165,59.94,3,7,Waning Crescent,11,2025,3,27,16,2025-03,Hot,60.865,19.8,2.5,56.0,25.0,1.88,1.331444759206799,5.222222222222222,1.1518324607329842,1
37.1,Cloudy,19.4,1004.0,0.0,24,25,37.3,10.0,2.9,22.4,993.45,137.0,31.45,23.68,70.3,76.96,4,9,Waning Crescent,4,2025,3,28,16,2025-03,Hot,57.165,19.1,2.8,47.0,25.0,0.96,0.6469002695417789,2.4,1.154639175257732,1
36.1,Cloudy,19.1,1005.0,0.0,39,25,38.4,9.0,2.9,22.0,1381.95,133.0,19.425,10.915,55.87,62.16,3,7,New Moon,1,2025,3,29,16,2025-03,Hot,70.3,19.4,2.9,24.0,25.0,1.56,1.080332409972299,4.333333333333333,1.1518324607329842,1
28.2,Cloudy,21.2,1008.0,0.0,89,50,29.0,8.0,2.0,24.4,1513.3,72.0,42.18,23.125,46.065,49.025,3,5,Waxing Crescent,0,2025,3,30,16,2025-03,Hot,55.87,19.1,2.9,39.0,25.0,1.78,3.1560283687943262,11.125,1.150943396226415,1
32.0,Cloudy,13.0,1008.0,0.0,56,50,37.0,10.0,1.0,16.3,2205.2,107.0,60.865,45.695,71.04,71.225,4,10,Waxing Crescent,2,2025,3,31,16,2025-03,Hot,46.065,21.2,2.0,89.0,50.0,1.12,1.75,5.6,1.2538461538461538,1
35.1,Cloudy,12.2,1007.0,0.0,50,25,39.8,10.0,0.9,14.7,5270.65,122.0,80.29,63.27,105.45,106.005,4,10,Waxing Crescent,8,2025,4,1,16,2025-04,Hot,71.04,13.0,1.0,56.0,50.0,2.0,1.4245014245014245,5.0,1.2049180327868854,1
35.3,Cloudy,12.6,1009.0,0.0,42,25,36.5,10.0,1.5,14.5,2884.15,102.0,78.07,52.355,92.13,92.13,4,10,Waxing Crescent,15,2025,4,2,16,2025-04,Hot,105.45,12.2,0.9,50.0,25.0,1.68,1.189801699716714,4.2,1.150793650793651,1
34.2,Cloudy,5.8,1009.0,0.0,50,25,36.1,10.0,1.4,6.6,2869.35,142.0,49.95,37.37,87.875,88.8,4,10,Waxing Crescent,25,2025,4,3,16,2025-04,Hot,92.13,12.6,1.5,42.0,25.0,2.0,1.461988304093567,5.0,1.1379310344827587,1
31.4,Cloudy,21.6,1008.0,0.0,63,50,32.7,10.0,2.3,24.8,2229.25,151.0,22.2,14.615,48.285,48.84,3,6,Waxing Crescent,35,2025,4,4,16,2025-04,Hot,87.875,5.8,1.4,50.0,25.0,1.26,2.0063694267515926,6.3,1.1481481481481481,1
35.4,Cloudy,22.0,1007.0,0.0,50,25,40.8,10.0,3.0,25.3,1030.45,106.0,14.245,9.62,29.23,33.3,2,3,First Quarter,46,2025,4,5,16,2025-04,Hot,48.285,21.6,2.3,63.0,50.0,2.0,1.4124293785310735,5.0,1.1500000000000001,1
36.1,Cloudy,22.7,1007.0,0.0,47,25,42.3,10.0,3.2,26.1,1067.45,100.0,14.245,9.065,32.93,38.48,2,3,Waxing Gibbous,57,2025,4,6,16,2025-04,Hot,29.23,22.0,3.0,50.0,25.0,1.88,1.3019390581717452,4.7,1.1497797356828194,1
34.0,Cloudy,20.2,1008.0,0.0,53,25,38.5,10.0,2.2,23.2,1546.6,74.0,18.87,10.73,30.155,37.555,2,3,Waxing Gibbous,67,2025,4,7,16,2025-04,Hot,32.93,22.7,3.2,47.0,25.0,2.12,1.5588235294117647,5.3,1.1485148514851484,1
35.2,Cloudy,16.6,1009.0,0.0,56,50,44.0,10.0,1.6,19.0,1487.4,95.0,68.82,52.54,71.78,72.52,4,10,Waxing Gibbous,76,2025,4,8,16,2025-04,Hot,30.155,20.2,2.2,53.0,25.0,1.12,1.5909090909090908,5.6,1.1445783132530118,1
35.1,Cloudy,19.8,1006.0,0.0,53,25,37.9,10.0,2.8,22.8,1903.65,111.0,23.125,17.02,38.11,40.145,2,4,Waxing Gibbous,84,2025,4,9,16,2025-04,Hot,71.78,16.6,1.6,56.0,50.0,2.12,1.5099715099715099,5.3,1.1515151515151516,1
30.2,Cloudy,19.1,1005.0,0.0,75,50,31.0,10.0,2.7,22.0,1073.0,101.0,16.465,9.25,48.285,52.725,3,6,Waxing Gibbous,90,2025,4,10,16,2025-04,Hot,38.11,19.8,2.8,53.0,25.0,1.5,2.4834437086092715,7.5,1.1518324607329842,1
33.0,Cloudy,19.4,1005.0,0.0,59,25,35.5,10.0,2.8,22.4,1726.05,134.0,19.61,17.02,49.21,49.95,3,6,Waxing Gibbous,95,2025,4,11,16,2025-04,Hot,48.285,19.1,2.7,75.0,50.0,2.36,1.7878787878787878,5.9,1.154639175257732,1
35.3,Cloudy,19.8,1006.0,0.0,47,25,40.5,10.0,2.9,22.8,1714.95,108.0,23.495,18.5,30.34,31.08,2,3,Waxing Gibbous,98,2025,4,12,16,2025-04,Hot,49.21,19.4,2.8,59.0,25.0,1.88,1.331444759206799,4.7,1.1515151515151516,1
36.2,Thunder,19.8,1006.0,0.0,53,50,41.3,10.0,2.8,22.8,1566.95,77.0,38.665,27.565,33.67,35.705,2,3,Full Moon,100,2025,4,13,16,2025-04,Hot,30.34,19.8,2.9,47.0,25.0,1.06,1.4640883977900552,5.3,1.1515151515151516,1
32.3,Thunder,11.9,1008.0,0.02,63,75,33.9,10.0,2.6,13.7,1605.8,71.0,47.545,28.12,37.74,38.295,2,4,Waning Gibbous,100,2025,4,14,16,2025-04,Hot,33.67,19.8,2.8,53.0,50.0,0.84,1.9504643962848298,6.3,1.1512605042016806,1
29.2,Rain,9.0,1007.0,0.0,84,50,29.8,7.0,1.8,10.7,2264.4,83.0,62.16,41.625,50.875,50.875,3,6,Waning Gibbous,97,2025,4,15,16,2025-04,Hot,37.74,11.9,2.6,63.0,75.0,1.68,2.8767123287671232,12.0,1.1888888888888889,1
34.1,Cloudy,13.0,1006.0,0.0,56,50,38.3,10.0,2.5,14.9,1722.35,94.0,35.15,22.94,46.805,47.73,3,5,Waning Gibbous,94,2025,4,16,16,2025-04,Hot,50.875,9.0,1.8,84.0,50.0,1.12,1.6422287390029324,5.6,1.146153846153846,1
35.0,Cloudy,23.0,1005.0,0.0,50,50,38.9,10.0,4.6,26.5,2295.85,80.0,24.05,14.245,33.3,33.67,2,3,Waning Gibbous,88,2025,4,17,15,2025-04,Hot,46.805,13.0,2.5,56.0,50.0,1.0,1.4285714285714286,5.0,1.1521739130434783,1
30.4,Cloudy,18.4,1006.0,0.0,70,50,31.4,10.0,3.6,21.1,1561.4,128.0,24.05,19.795,33.67,34.41,2,3,Waning Gibbous,81,2025,4,18,16,2025-04,Hot,33.3,23.0,4.6,50.0,50.0,1.4,2.3026315789473686,7.0,1.1467391304347827,1
28.1,Cloudy,17.3,1005.0,0.0,84,50,28.4,10.0,3.6,19.9,1661.3,99.0,28.305,20.35,32.56,33.3,2,3,Waning Gibbous,73,2025,4,19,16,2025-04,Hot,33.67,18.4,3.6,70.0,50.0,1.68,2.98932384341637,8.4,1.1502890173410403,1
36.3,Clear,19.4,1006.0,0.0,45,25,41.4,10.0,6.8,22.4,1492.95,68.0,21.645,11.84,29.6,29.97,2,3,Waning Gibbous,64,2025,4,20,15,2025-04,Hot,32.56,17.3,3.6,84.0,50.0,1.8,1.2396694214876034,4.5,1.154639175257732,1
35.4,Clear,18.7,1007.0,0.0,50,25,39.6,10.0,3.5,21.5,1167.35,119.0,17.02,12.58,28.305,29.97,2,3,Last Quarter,54,2025,4,21,16,2025-04,Hot,29.6,19.4,6.8,45.0,25.0,2.0,1.4124293785310735,5.0,1.1497326203208558,1
35.3,Clear,20.2,1007.0,0.0,50,25,39.4,10.0,3.5,23.2,826.95,74.0,12.395,8.325,22.755,27.01,2,2,Waning Crescent,43,2025,4,22,16,2025-04,Hot,28.305,18.7,3.5,50.0,25.0,2.0,1.41643059490085,5.0,1.1485148514851484,1
31.0,Thunder,20.2,1006.0,0.0,71,50,32.9,8.0,2.6,23.2,947.2,97.0,12.95,8.88,25.9,30.34,2,3,Waning Crescent,33,2025,4,23,16,2025-04,Hot,22.755,20.2,3.5,50.0,25.0,1.42,2.2903225806451615,8.875,1.1485148514851484,1
35.2,Clear,19.1,1006.0,0.0,47,25,39.4,10.0,3.4,22.0,963.85,122.0,14.615,9.62,45.695,48.285,3,5,Waning Crescent,23,2025,4,24,16,2025-04,Hot,25.9,20.2,2.6,71.0,50.0,1.88,1.3352272727272727,4.7,1.1518324607329842,1
36.4,Clear,22.7,1005.0,0.0,50,25,40.1,10.0,3.2,26.1,1102.6,129.0,21.09,15.17,57.905,59.57,3,7,Waning Crescent,14,2025,4,25,16,2025-04,Hot,45.695,19.1,3.4,47.0,25.0,2.0,1.3736263736263736,5.0,1.1497797356828194,1
36.3,Clear,20.9,1006.0,0.0,47,25,40.7,10.0,3.5,24.0,1078.55,103.0,15.725,10.175,27.195,30.34,2,3,Waning Crescent,7,2025,4,26,16,2025-04,Hot,57.905,22.7,3.2,50.0,25.0,1.88,1.2947658402203859,4.7,1.1483253588516746,1
28.3,Rain,20.5,1008.0,0.0,62,75,28.1,10.0,6.0,23.6,1106.3,64.0,20.72,11.285,18.5,20.535,2,2,Waning Crescent,2,2025,4,27,15,2025-04,Hot,27.195,20.9,3.5,47.0,25.0,0.8266666666666667,2.1908127208480566,6.2,1.151219512195122,1
33.2,Cloudy,20.9,1005.0,0.0,63,50,35.6,10.0,2.0,24.0,1050.8,72.0,17.575,9.99,16.835,20.535,2,2,New Moon,0,2025,4,28,16,2025-04,Hot,18.5,20.5,6.0,62.0,75.0,1.26,1.897590361445783,6.3,1.1483253588516746,1
33.4,Cloudy,12.6,1007.0,0.0,56,50,34.4,10.0,6.3,14.5,1470.75,60.0,16.65,9.065,20.35,23.125,2,2,Waxing Crescent,1,2025,4,29,15,2025-04,Hot,16.835,20.9,2.0,63.0,50.0,1.12,1.6766467065868265,5.6,1.150793650793651,1
36.0,Clear,17.6,1006.0,0.0,42,25,37.2,10.0,5.7,20.3,1356.05,55.0,49.025,30.155,34.965,37.555,2,3,Waxing Crescent,6,2025,4,30,15,2025-04,Hot,20.35,12.6,6.3,56.0,50.0,1.68,1.1666666666666667,4.2,1.1534090909090908,1
34.3,Clear,15.8,1007.0,0.0,56,25,35.3,10.0,5.3,18.2,1492.95,92.0,65.12,48.84,86.58,87.135,4,10,Waxing Crescent,12,2025,5,1,15,2025-05,Hot,34.965,17.6,5.7,42.0,25.0,2.24,1.6326530612244898,5.6,1.1518987341772151,1
32.3,Clear,17.6,1007.0,0.0,63,25,32.9,10.0,1.8,20.3,2210.75,127.0,76.22,68.265,107.115,108.04,4,10,Waxing Crescent,21,2025,5,2,16,2025-05,Hot,86.58,15.8,5.3,56.0,25.0,2.52,1.9504643962848298,6.3,1.1534090909090908,1
32.1,Cloudy,17.3,1007.0,0.0,59,25,34.5,10.0,2.5,19.9,2149.7,139.0,28.86,18.685,56.425,57.535,3,7,Waxing Crescent,31,2025,5,3,16,2025-05,Hot,107.115,17.6,1.8,63.0,25.0,2.36,1.838006230529595,5.9,1.1502890173410403,1
29.2,Clear,20.2,1005.0,0.0,75,25,29.2,10.0,2.6,23.2,1492.95,82.0,29.23,15.725,25.345,26.085,2,3,First Quarter,41,2025,5,4,15,2025-05,Hot,56.425,17.3,2.5,59.0,25.0,3.0,2.568493150684932,7.5,1.1485148514851484,1
29.1,Rain,19.8,1005.0,0.0,84,75,29.4,9.0,3.1,22.8,1433.75,97.0,19.795,12.765,20.535,21.09,2,2,Waxing Gibbous,51,2025,5,5,16,2025-05,Hot,25.345,20.2,2.6,75.0,25.0,1.12,2.88659793814433,9.333333333333334,1.1515151515151516,1
34.3,Cloudy,20.9,1004.0,0.0,60,25,38.5,10.0,3.5,24.0,1652.05,87.0,27.195,16.65,28.86,29.6,2,3,Waxing Gibbous,61,2025,5,6,16,2025-05,Hot,20.535,19.8,3.1,84.0,75.0,2.4,1.7492711370262393,6.0,1.1483253588516746,1
32.3,Cloudy,19.4,1003.0,0.0,67,50,35.7,10.0,5.6,22.4,1959.15,58.0,29.97,18.13,18.315,19.98,2,2,Waxing Gibbous,71,2025,5,7,15,2025-05,Hot,28.86,20.9,3.5,60.0,25.0,1.34,2.0743034055727554,6.7,1.154639175257732,1
33.0,Thunder,15.1,1003.0,0.0,63,50,35.9,10.0,3.9,17.4,1831.5,70.0,41.81,29.785,41.625,41.995,3,4,Waxing Gibbous,79,2025,5,8,15,2025-05,Hot,18.315,19.4,5.6,67.0,50.0,1.26,1.9090909090909092,6.3,1.1523178807947019,1
33.2,Rain,15.5,1003.0,0.0,63,50,37.6,10.0,2.1,17.8,895.4,128.0,22.755,21.46,29.23,30.34,2,3,Waxing Gibbous,86,2025,5,9,16,2025-05,Hot,41.625,15.1,3.9,63.0,50.0,1.26,1.897590361445783,6.3,1.1483870967741936,1
34.2,Thunder,5.8,1004.0,0.0,56,25,38.4,10.0,3.4,7.3,1024.9,124.0,32.745,30.895,43.845,48.1,3,5,Waxing Gibbous,92,2025,5,10,16,2025-05,Hot,29.23,15.5,2.1,63.0,50.0,2.24,1.6374269005847952,5.6,1.2586206896551724,1
32.2,Cloudy,4.7,1003.0,0.02,67,50,36.5,10.0,5.2,5.4,3167.2,54.0,53.28,38.11,42.92,45.14,3,5,Waxing Gibbous,96,2025,5,11,15,2025-05,Hot,43.845,5.8,3.4,56.0,25.0,1.34,2.0807453416149064,6.7,1.148936170212766,1
27.2,Thunder,16.2,1005.0,0.02,89,50,28.5,8.0,0.8,21.0,2044.25,117.0,61.42,51.43,88.245,88.985,4,10,Waxing Gibbous,99,2025,5,12,16,2025-05,Hot,42.92,4.7,5.2,67.0,50.0,1.78,3.2720588235294117,11.125,1.2962962962962963,1
31.3,Cloudy,5.0,1005.0,1.47,71,50,39.9,10.0,0.5,8.5,2101.6,49.0,55.87,31.82,28.305,29.415,2,3,Full Moon,100,2025,5,13,16,2025-05,Hot,88.245,16.2,0.8,89.0,50.0,1.42,2.268370607028754,7.1,1.7,1
27.1,Cloudy,19.1,1007.0,0.0,94,75,28.5,10.0,3.6,22.0,1117.4,66.0,16.835,9.065,10.175,11.655,1,1,Waning Gibbous,99,2025,5,14,16,2025-05,Hot,28.305,5.0,0.5,71.0,50.0,1.2533333333333334,3.468634686346863,9.4,1.1518324607329842,1
28.1,Thunder,14.0,1007.0,0.0,79,50,28.8,8.0,3.1,16.2,1831.5,61.0,27.935,16.65,16.28,18.13,2,2,Waning Gibbous,96,2025,5,15,16,2025-05,Hot,10.175,19.1,3.6,94.0,75.0,1.58,2.811387900355872,9.875,1.157142857142857,1
29.2,Cloudy,15.5,1007.0,0.0,79,50,30.7,10.0,3.5,17.8,1594.7,64.0,24.605,13.875,14.985,16.835,1,2,Waning Gibbous,92,2025,5,16,16,2025-05,Hot,16.28,14.0,3.1,79.0,50.0,1.58,2.7054794520547945,7.9,1.1483870967741936,1
28.1,Thunder,10.1,1007.0,0.0,84,50,29.0,9.0,5.5,11.6,1763.05,49.0,35.335,18.685,25.16,27.935,2,3,Waning Gibbous,85,2025,5,17,15,2025-05,Hot,14.985,15.5,3.5,79.0,50.0,1.68,2.98932384341637,9.333333333333334,1.1485148514851484,1
28.3,Thunder,14.4,1006.0,0.0,89,50,29.1,3.0,6.1,16.6,1857.4,52.0,73.445,38.11,49.025,49.95,3,6,Waning Gibbous,78,2025,5,18,15,2025-05,Hot,25.16,10.1,5.5,84.0,50.0,1.78,3.1448763250883394,29.666666666666668,1.152777777777778,1
32.0,Clear,16.9,1005.0,0.0,67,25,33.4,10.0,3.1,19.5,1848.15,100.0,28.49,17.205,28.49,29.045,2,3,Waning Gibbous,69,2025,5,19,16,2025-05,Hot,49.025,14.4,6.1,89.0,50.0,2.68,2.09375,6.7,1.153846153846154,1
35.1,Clear,18.4,1005.0,0.0,50,25,40.8,10.0,3.1,21.1,1702.0,79.0,20.905,11.655,16.465,17.205,2,2,Last Quarter,58,2025,5,20,16,2025-05,Hot,28.49,16.9,3.1,67.0,25.0,2.0,1.4245014245014245,5.0,1.1467391304347827,1
30.3,Clear,19.1,1006.0,0.0,84,25,32.1,10.0,5.6,22.0,1646.5,73.0,20.72,12.395,19.61,21.09,2,2,Waning Crescent,48,2025,5,21,15,2025-05,Hot,16.465,18.4,3.1,50.0,25.0,3.36,2.772277227722772,8.4,1.1518324607329842,1
35.2,Cloudy,12.2,1003.0,0.0,50,50,38.7,10.0,2.6,14.1,1938.8,71.0,25.16,15.725,22.2,22.57,2,2,Waning Crescent,37,2025,5,22,15,2025-05,Hot,19.61,19.1,5.6,84.0,25.0,1.0,1.4204545454545454,5.0,1.1557377049180328,1
34.1,Thunder,16.6,1000.0,0.01,60,50,36.5,10.0,2.6,19.0,1415.25,85.0,36.445,27.565,29.97,30.895,2,3,Waning Crescent,26,2025,5,23,16,2025-05,Hot,22.2,12.2,2.6,50.0,50.0,1.2,1.7595307917888563,6.0,1.1445783132530118,1
25.1,Thunder,11.5,1004.0,0.0,94,75,25.9,3.0,4.2,13.6,1702.0,39.0,62.345,46.065,41.07,43.475,3,4,Waning Crescent,17,2025,5,24,15,2025-05,Hot,29.97,16.6,2.6,60.0,50.0,1.2533333333333334,3.745019920318725,31.333333333333332,1.182608695652174,1
32.3,Cloudy,19.4,1005.0,0.04,67,50,35.8,10.0,6.6,22.6,1282.05,35.0,48.285,24.79,21.275,21.645,2,2,Waning Crescent,9,2025,5,25,15,2025-05,Hot,41.07,11.5,4.2,94.0,75.0,1.34,2.0743034055727554,6.7,1.1649484536082475,1
30.2,Cloudy,20.5,1005.0,1.61,79,50,38.3,10.0,0.3,36.4,1356.05,53.0,20.535,12.21,12.58,13.69,1,2,Waning Crescent,3,2025,5,26,16,2025-05,Hot,21.275,19.4,6.6,67.0,50.0,1.58,2.6158940397350996,7.9,1.775609756097561,1
31.3,Cloudy,15.1,1006.0,0.0,71,50,39.1,10.0,3.2,19.4,1087.8,64.0,18.685,10.915,10.915,12.21,1,1,New Moon,0,2025,5,27,16,2025-05,Hot,12.58,20.5,0.3,79.0,50.0,1.42,2.268370607028754,7.1,1.2847682119205297,1
34.2,Cloudy,5.4,1004.0,0.03,60,50,40.8,10.0,5.7,6.2,1964.7,46.0,25.9,14.245,21.83,24.235,2,2,Waxing Crescent,1,2025,5,28,15,2025-05,Hot,10.915,15.1,3.2,71.0,50.0,1.2,1.7543859649122806,6.0,1.1481481481481481,1
29.2,Cloudy,14.8,1007.0,0.0,89,50,30.6,10.0,3.6,17.0,1731.6,52.0,14.615,8.88,14.8,18.315,1,2,Waxing Crescent,4,2025,5,29,15,2025-05,Hot,21.83,5.4,5.7,60.0,50.0,1.78,3.047945205479452,8.9,1.1486486486486487,1
33.4,Cloudy,19.4,1006.0,0.06,59,50,40.3,10.0,3.0,23.8,2055.35,50.0,11.1,6.845,10.915,13.505,1,1,Waxing Crescent,9,2025,5,30,15,2025-05,Hot,14.8,14.8,3.6,89.0,50.0,1.18,1.7664670658682635,5.9,1.2268041237113403,1
32.0,Cloudy,21.6,1007.0,0.0,67,50,36.5,10.0,2.6,27.7,1265.4,50.0,14.615,7.77,14.245,17.02,1,2,Waxing Crescent,17,2025,5,31,15,2025-05,Hot,10.915,19.4,3.0,59.0,50.0,1.34,2.09375,6.7,1.2824074074074072,1
33.4,Cloudy,15.5,1006.0,0.02,63,50,39.4,10.0,3.2,19.5,1761.2,65.0,14.245,8.51,23.865,35.705,2,2,Waxing Crescent,26,2025,6,1,15,2025-06,Rainy,14.245,21.6,2.6,67.0,50.0,1.26,1.8862275449101797,6.3,1.2580645161290323,1
30.4,Thunder,21.2,1006.0,0.0,75,50,32.6,5.0,1.5,24.4,1048.95,62.0,11.285,7.77,9.99,11.84,1,1,Waxing Crescent,36,2025,6,2,16,2025-06,Rainy,23.865,15.5,3.2,63.0,50.0,1.5,2.4671052631578947,15.0,1.150943396226415,1
34.3,Cloudy,12.6,1005.0,0.0,53,25,40.4,10.0,0.9,15.8,1332.0,58.0,15.725,9.62,12.025,17.575,1,2,First Quarter,46,2025,6,3,16,2025-06,Rainy,9.99,21.2,1.5,75.0,50.0,2.12,1.545189504373178,5.3,1.253968253968254,1
34.4,Cloudy,8.3,1005.0,0.0,53,25,36.4,10.0,3.0,9.5,1280.2,74.0,24.05,16.65,28.12,48.655,2,3,Waxing Gibbous,55,2025,6,4,16,2025-06,Rainy,12.025,12.6,0.9,53.0,25.0,2.12,1.5406976744186047,5.3,1.1445783132530118,1
36.1,Cloudy,11.2,1005.0,0.0,47,50,38.2,10.0,6.0,12.9,1409.7,57.0,21.46,14.985,27.935,42.55,2,3,Waxing Gibbous,65,2025,6,5,15,2025-06,Rainy,28.12,8.3,3.0,53.0,25.0,0.94,1.3019390581717452,4.7,1.1517857142857144,1
35.3,Clear,16.9,1005.0,0.0,50,25,37.7,10.0,3.4,19.5,1019.35,78.0,29.6,22.57,41.44,66.785,3,4,Waxing Gibbous,74,2025,6,6,16,2025-06,Rainy,27.935,11.2,6.0,47.0,50.0,2.0,1.41643059490085,5.0,1.153846153846154,1
36.1,Cloudy,20.5,1004.0,0.0,47,25,41.9,10.0,4.3,23.6,1147.0,52.0,41.995,28.86,44.4,59.015,3,5,Waxing Gibbous,82,2025,6,7,15,2025-06,Rainy,41.44,16.9,3.4,50.0,25.0,1.88,1.3019390581717452,4.7,1.151219512195122,1
34.2,Cloudy,16.2,1003.0,0.0,56,50,38.8,10.0,3.9,18.6,1524.4,53.0,25.16,18.13,20.35,21.83,2,2,Waxing Gibbous,88,2025,6,8,15,2025-06,Rainy,44.4,20.5,4.3,47.0,25.0,1.12,1.6374269005847952,5.6,1.1481481481481484,1
33.1,Cloudy,23.8,1002.0,0.0,63,25,36.4,10.0,6.7,27.3,1611.35,53.0,15.725,9.25,13.505,14.245,1,2,Waxing Gibbous,94,2025,6,9,15,2025-06,Rainy,20.35,16.2,3.9,56.0,50.0,2.52,1.903323262839879,6.3,1.1470588235294117,1
34.1,Cloudy,19.1,1002.0,0.0,53,50,41.6,10.0,0.8,22.7,1104.45,75.0,19.425,12.21,11.1,11.84,1,1,Waxing Gibbous,97,2025,6,10,16,2025-06,Rainy,13.505,23.8,6.7,63.0,25.0,1.06,1.5542521994134897,5.3,1.1884816753926701,1
32.0,Cloudy,11.2,1003.0,0.0,56,25,37.5,10.0,1.9,15.6,1307.95,48.0,25.715,14.985,15.91,19.055,2,2,Full Moon,99,2025,6,11,16,2025-06,Rainy,11.1,19.1,0.8,53.0,50.0,2.24,1.75,5.6,1.392857142857143,1
34.1,Cloudy,23.8,1003.0,0.41,53,50,43.3,10.0,4.9,30.3,1676.1,44.0,29.23,16.28,14.615,15.725,1,2,Waning Gibbous,100,2025,6,12,15,2025-06,Rainy,15.91,11.2,1.9,56.0,25.0,1.06,1.5542521994134897,5.3,1.273109243697479,1
26.1,Rain,16.6,1006.0,0.33,94,75,28.3,6.0,1.2,24.6,2131.2,52.0,14.245,8.88,8.325,8.51,1,1,Waning Gibbous,98,2025,6,13,16,2025-06,Rainy,14.615,23.8,4.9,53.0,50.0,1.2533333333333334,3.601532567049808,15.666666666666666,1.4819277108433735,1
31.4,Cloudy,18.4,1006.0,0.0,66,50,34.8,10.0,2.3,22.9,1603.95,43.0,13.135,7.4,9.62,10.36,1,1,Waning Gibbous,94,2025,6,14,16,2025-06,Rainy,8.325,16.6,1.2,94.0,75.0,1.32,2.1019108280254777,6.6,1.2445652173913044,1
32.3,Cloudy,17.3,1006.0,0.0,59,50,35.6,10.0,1.7,19.9,1357.9,39.0,16.465,9.065,9.805,10.545,1,1,Waning Gibbous,89,2025,6,15,15,2025-06,Rainy,9.62,18.4,2.3,66.0,50.0,1.18,1.8266253869969042,5.9,1.1502890173410403,1
34.0,Cloudy,16.9,1006.0,0.0,53,25,41.4,10.0,2.8,20.8,1472.6,55.0,13.32,8.695,10.545,12.58,1,1,Waning Gibbous,81,2025,6,16,16,2025-06,Rainy,9.805,17.3,1.7,59.0,50.0,2.12,1.5588235294117647,5.3,1.2307692307692308,1
34.3,Cloudy,14.0,1007.0,0.0,53,50,39.5,10.0,2.4,16.7,1108.15,54.0,12.395,7.03,9.805,11.655,1,1,Waning Gibbous,72,2025,6,17,16,2025-06,Rainy,10.545,16.9,2.8,53.0,25.0,1.06,1.545189504373178,5.3,1.1928571428571428,1
35.3,Drizzle,17.3,1005.0,0.56,47,25,40.1,10.0,1.7,20.3,1211.75,68.0,24.975,16.65,19.425,21.83,2,2,Waning Gibbous,62,2025,6,18,16,2025-06,Rainy,9.805,14.0,2.4,53.0,50.0,1.88,1.331444759206799,4.7,1.1734104046242775,1
34.2,Cloudy,11.2,1006.0,0.18,53,50,37.5,10.0,1.0,12.9,1222.85,69.0,18.87,12.58,13.505,14.615,1,2,Last Quarter,51,2025,6,19,16,2025-06,Rainy,19.425,17.3,1.7,47.0,25.0,1.06,1.5497076023391811,5.3,1.1517857142857144,1
33.4,Cloudy,12.6,1005.0,0.0,53,50,36.9,10.0,1.5,15.8,930.55,71.0,21.09,14.8,16.28,17.76,2,2,Waning Crescent,40,2025,6,20,16,2025-06,Rainy,13.505,11.2,1.0,53.0,50.0,1.06,1.5868263473053892,5.3,1.253968253968254,1
29.0,Rain,12.6,1004.0,0.33,75,50,30.8,10.0,1.6,16.1,1206.2,68.0,23.865,16.835,17.205,18.685,2,2,Waning Crescent,29,2025,6,21,16,2025-06,Rainy,16.28,12.6,1.5,53.0,50.0,1.5,2.586206896551724,7.5,1.277777777777778,1
33.3,Cloudy,15.8,1004.0,0.14,56,50,38.1,10.0,3.8,18.5,1981.35,46.0,19.795,12.21,12.395,12.95,1,2,Waning Crescent,19,2025,6,22,15,2025-06,Rainy,17.205,12.6,1.6,75.0,50.0,1.12,1.6816816816816818,5.6,1.1708860759493671,1
32.2,Thunder,10.8,1005.0,0.29,59,75,40.9,10.0,0.9,17.5,1322.75,71.0,24.79,16.65,14.985,15.91,1,2,Waning Crescent,11,2025,6,23,16,2025-06,Rainy,12.395,15.8,3.8,56.0,50.0,0.7866666666666666,1.8322981366459625,5.9,1.6203703703703702,1
32.2,Cloudy,11.9,1005.0,0.0,59,50,39.3,10.0,1.2,15.6,1635.4,45.0,23.495,12.58,14.8,18.5,1,2,Waning Crescent,4,2025,6,24,15,2025-06,Rainy,14.985,10.8,0.9,59.0,75.0,1.18,1.8322981366459625,5.9,1.3109243697478992,1
33.3,Cloudy,16.6,1006.0,0.0,56,50,41.2,10.0,1.1,19.3,1335.7,62.0,21.83,13.875,15.17,17.575,1,2,New Moon,1,2025,6,25,16,2025-06,Rainy,14.8,11.9,1.2,59.0,50.0,1.12,1.6816816816816818,5.6,1.1626506024096386,1
35.3,Cloudy,14.0,1005.0,1.34,47,50,37.3,10.0,0.7,19.7,1237.65,68.0,15.54,10.915,13.32,15.91,1,2,Waxing Crescent,0,2025,6,26,16,2025-06,Rainy,15.17,16.6,1.1,56.0,50.0,0.94,1.331444759206799,4.7,1.407142857142857,1
32.3,Cloudy,15.8,1006.0,0.02,56,50,37.6,10.0,1.1,21.1,1254.3,61.0,18.315,12.21,14.8,20.165,1,2,Waxing Crescent,2,2025,6,27,16,2025-06,Rainy,13.32,14.0,0.7,47.0,50.0,1.12,1.73374613003096,5.6,1.3354430379746836,1
33.4,Cloudy,10.8,1005.0,0.0,56,50,42.7,10.0,1.4,14.7,1670.55,43.0,18.315,10.915,13.69,15.355,1,2,Waxing Crescent,7,2025,6,28,15,2025-06,Rainy,14.8,15.8,1.1,56.0,50.0,1.12,1.6766467065868265,5.6,1.361111111111111,1
31.0,Cloudy,19.8,1005.0,0.18,63,50,37.6,10.0,1.6,27.0,1428.2,36.0,20.165,10.915,17.945,21.09,2,2,Waxing Crescent,13,2025,6,29,15,2025-06,Rainy,13.69,10.8,1.4,56.0,50.0,1.26,2.032258064516129,6.3,1.3636363636363635,1
29.3,Rain,13.7,1005.0,0.5,66,25,34.7,10.0,1.6,18.9,1777.85,32.0,21.09,12.21,15.54,20.165,2,2,Waxing Crescent,21,2025,6,30,15,2025-06,Rainy,17.945,19.8,1.6,63.0,50.0,2.64,2.252559726962457,6.6,1.3795620437956204,1
32.3,Cloudy,15.1,1004.0,0.06,63,50,36.9,10.0,3.3,18.5,1616.9,46.0,22.015,13.135,17.575,21.645,2,2,Waxing Crescent,30,2025,7,1,15,2025-07,Rainy,15.54,13.7,1.6,66.0,25.0,1.26,1.9504643962848298,6.3,1.2251655629139073,1
31.0,Rain,10.4,1006.0,0.02,66,25,36.8,10.0,2.5,13.9,1494.8,61.0,20.72,13.32,13.505,15.355,1,2,Waxing Crescent,39,2025,7,2,16,2025-07,Rainy,17.575,15.1,3.3,63.0,50.0,2.64,2.129032258064516,6.6,1.3365384615384615,1
31.0,Cloudy,9.7,1007.0,0.0,59,25,40.6,10.0,1.8,13.4,2201.5,40.0,45.325,27.565,31.635,36.26,2,3,First Quarter,49,2025,7,3,15,2025-07,Rainy,13.505,10.4,2.5,66.0,25.0,2.36,1.903225806451613,5.9,1.3814432989690724,1
33.1,Cloudy,17.6,1005.0,0.0,53,50,36.8,10.0,2.1,20.3,1098.9,60.0,23.31,15.54,17.76,21.645,2,2,Waxing Gibbous,59,2025,7,4,16,2025-07,Rainy,31.635,9.7,1.8,59.0,25.0,1.06,1.6012084592145015,5.3,1.1534090909090908,1
33.3,Cloudy,14.4,1004.0,0.29,56,50,39.7,10.0,1.7,16.8,1644.65,38.0,25.16,14.245,22.385,24.79,2,2,Waxing Gibbous,68,2025,7,5,15,2025-07,Rainy,17.76,17.6,2.1,53.0,50.0,1.12,1.6816816816816818,5.6,1.1666666666666667,1
33.1,Cloudy,13.0,1004.0,0.0,53,25,41.0,10.0,1.1,16.3,1317.2,55.0,13.32,8.51,8.51,9.435,1,1,Waxing Gibbous,76,2025,7,6,16,2025-07,Rainy,22.385,14.4,1.7,56.0,50.0,2.12,1.6012084592145015,5.3,1.2538461538461538,1
33.4,Cloudy,13.0,1005.0,0.0,56,50,37.3,10.0,5.5,14.9,1733.45,45.0,15.355,8.14,10.73,12.765,1,1,Waxing Gibbous,84,2025,7,7,15,2025-07,Rainy,8.51,13.0,1.1,53.0,25.0,1.12,1.6766467065868265,5.6,1.146153846153846,1
31.4,Rain,15.8,1006.0,0.04,66,25,34.0,10.0,3.3,18.2,1776.0,43.0,13.505,7.585,12.765,17.575,1,2,Waxing Gibbous,90,2025,7,8,15,2025-07,Rainy,10.73,13.0,5.5,56.0,50.0,2.64,2.1019108280254777,6.6,1.1518987341772151,1
31.2,Cloudy,16.6,1006.0,0.0,63,25,35.9,10.0,5.8,21.5,2014.65,36.0,21.275,11.47,18.87,22.57,2,2,Waxing Gibbous,95,2025,7,9,15,2025-07,Rainy,12.765,15.8,3.3,66.0,25.0,2.52,2.019230769230769,6.3,1.2951807228915662,1
34.0,Cloudy,14.0,1004.0,0.24,53,50,40.3,10.0,4.8,16.2,1307.95,45.0,25.16,15.91,26.27,36.26,2,3,Waxing Gibbous,98,2025,7,10,15,2025-07,Rainy,18.87,16.6,5.8,63.0,25.0,1.06,1.5588235294117647,5.3,1.157142857142857,1
33.1,Cloudy,13.7,1003.0,0.0,56,50,41.6,10.0,2.2,18.3,1409.7,36.0,22.015,12.21,14.43,16.835,1,2,Full Moon,100,2025,7,11,15,2025-07,Rainy,26.27,14.0,4.8,53.0,50.0,1.12,1.6918429003021147,5.6,1.3357664233576643,1
35.3,Cloudy,10.8,1003.0,0.0,50,25,42.9,10.0,5.5,13.5,1424.5,40.0,21.275,13.135,14.245,20.905,1,2,Waning Gibbous,99,2025,7,12,15,2025-07,Rainy,14.43,13.7,2.2,56.0,50.0,2.0,1.41643059490085,5.0,1.25,1
34.3,Cloudy,15.1,1005.0,0.0,53,25,37.8,10.0,3.3,17.4,1576.2,40.0,15.54,9.25,13.32,18.5,1,2,Waning Gibbous,96,2025,7,13,15,2025-07,Rainy,14.245,10.8,5.5,50.0,25.0,2.12,1.545189504373178,5.3,1.1523178807947019,1
35.1,Cloudy,13.7,1004.0,0.0,50,25,41.8,10.0,1.4,17.0,1367.15,66.0,22.94,15.17,28.305,51.06,2,3,Waning Gibbous,91,2025,7,14,16,2025-07,Rainy,13.32,15.1,3.3,53.0,25.0,2.0,1.4245014245014245,5.0,1.2408759124087592,1
34.0,Cloudy,13.0,1003.0,0.0,56,50,38.3,10.0,2.0,15.2,1418.95,58.0,14.985,9.99,14.615,19.98,1,2,Waning Gibbous,84,2025,7,15,16,2025-07,Rainy,28.305,13.7,1.4,50.0,25.0,1.12,1.6470588235294117,5.6,1.169230769230769,1
32.1,Cloudy,14.8,1004.0,0.0,67,50,35.4,10.0,6.6,17.0,1685.35,51.0,21.09,12.58,25.16,33.115,2,3,Waning Gibbous,75,2025,7,16,15,2025-07,Rainy,14.615,13.0,2.0,56.0,50.0,1.34,2.087227414330218,6.7,1.1486486486486487,1
29.1,Cloudy,14.0,1006.0,0.0,89,25,30.5,10.0,2.6,16.2,1692.75,42.0,24.975,13.875,19.055,21.275,2,2,Waning Gibbous,65,2025,7,17,15,2025-07,Rainy,25.16,14.8,6.6,67.0,50.0,3.56,3.058419243986254,8.9,1.157142857142857,1
31.2,Rain,22.3,1005.0,0.0,66,50,34.0,10.0,3.2,26.1,1372.7,44.0,24.605,12.95,17.945,19.24,2,2,Last Quarter,54,2025,7,18,15,2025-07,Rainy,19.055,14.0,2.6,89.0,25.0,1.32,2.1153846153846154,6.6,1.1704035874439462,1
31.4,Thunder,23.8,1001.0,0.0,66,50,35.7,10.0,5.0,27.3,1615.05,42.0,14.245,7.77,9.62,10.175,1,1,Waning Crescent,42,2025,7,19,15,2025-07,Rainy,17.945,22.3,3.2,66.0,50.0,1.32,2.1019108280254777,6.6,1.1470588235294117,1
32.1,Cloudy,17.3,1002.0,0.0,59,50,44.6,10.0,2.3,23.3,1929.55,38.0,16.65,9.435,9.805,10.175,1,1,Waning Crescent,31,2025,7,20,15,2025-07,Rainy,9.62,23.8,5.0,66.0,50.0,1.18,1.838006230529595,5.9,1.346820809248555,1
30.3,Cloudy,15.1,1003.0,0.03,70,50,37.9,10.0,0.6,21.4,1620.6,32.0,22.385,9.99,10.36,10.73,1,1,Waning Crescent,21,2025,7,21,15,2025-07,Rainy,9.805,17.3,2.3,59.0,50.0,1.4,2.31023102310231,7.0,1.4172185430463575,1
30.3,Cloudy,23.4,1002.0,0.71,70,50,38.2,10.0,3.0,33.7,1191.4,34.0,15.91,8.51,8.14,9.62,1,1,Waning Crescent,12,2025,7,22,15,2025-07,Rainy,10.36,15.1,0.6,70.0,50.0,1.4,2.31023102310231,7.0,1.4401709401709404,1
30.3,Cloudy,24.5,1001.0,0.35,70,75,35.4,10.0,6.1,33.9,1000.85,39.0,16.465,7.77,7.215,7.585,1,1,Waning Crescent,6,2025,7,23,15,2025-07,Rainy,8.14,23.4,3.0,70.0,50.0,0.9333333333333333,2.31023102310231,7.0,1.383673469387755,1
33.3,Cloudy,24.1,1004.0,0.0,56,50,36.3,10.0,1.1,29.7,856.55,36.0,12.95,7.03,8.695,10.175,1,1,New Moon,2,2025,7,24,15,2025-07,Rainy,7.215,24.5,6.1,70.0,75.0,1.12,1.6816816816816818,5.6,1.2323651452282156,1
34.2,Rain,18.7,1004.0,0.02,50,25,39.4,10.0,3.8,25.1,1927.7,39.0,13.135,7.4,13.875,19.98,1,2,New Moon,0,2025,7,25,15,2025-07,Rainy,8.695,24.1,1.1,56.0,50.0,2.0,1.461988304093567,5.0,1.3422459893048129,1
32.2,Cloudy,16.6,1005.0,0.0,63,50,35.8,10.0,3.7,21.6,1698.3,33.0,14.985,8.51,14.43,17.205,1,2,Waxing Crescent,1,2025,7,26,15,2025-07,Rainy,13.875,18.7,3.8,50.0,25.0,1.26,1.9565217391304346,6.3,1.3012048192771084,1
31.1,Cloudy,15.1,1005.0,0.02,66,50,36.2,10.0,1.8,20.5,1467.05,32.0,19.24,9.805,11.1,11.47,1,1,Waxing Crescent,4,2025,7,27,15,2025-07,Rainy,14.43,16.6,3.7,63.0,50.0,1.32,2.122186495176849,6.6,1.3576158940397351,1
32.1,Cloudy,13.0,1003.0,0.0,67,50,38.3,10.0,1.8,17.0,1690.9,36.0,17.76,10.175,12.025,13.505,1,2,Waxing Crescent,9,2025,7,28,15,2025-07,Rainy,11.1,15.1,1.8,66.0,50.0,1.34,2.087227414330218,6.7,1.3076923076923077,1
33.1,Cloudy,16.9,1003.0,0.04,59,75,37.6,10.0,1.4,20.8,1283.9,41.0,14.615,7.955,8.88,10.36,1,1,Waxing Crescent,16,2025,7,29,15,2025-07,Rainy,12.025,13.0,1.8,67.0,50.0,0.7866666666666666,1.782477341389728,5.9,1.2307692307692308,1
32.1,Cloudy,19.4,1005.0,0.0,63,75,34.6,10.0,5.4,23.9,1613.2,39.0,14.245,7.77,8.325,8.88,1,1,Waxing Crescent,24,2025,7,30,15,2025-07,Rainy,8.88,16.9,1.4,59.0,75.0,0.84,1.9626168224299065,6.3,1.231958762886598,1
32.0,Cloudy,15.1,1005.0,0.0,63,50,35.5,10.0,4.7,19.3,1522.55,39.0,16.65,9.62,11.285,12.95,1,1,Waxing Crescent,33,2025,7,31,15,2025-07,Rainy,8.325,19.4,5.4,63.0,75.0,1.26,1.96875,6.3,1.2781456953642385,1
35.2,Cloudy,9.7,1004.0,0.0,50,25,37.7,10.0,6.3,11.2,1591.0,37.0,20.165,11.285,12.765,15.17,1,2,First Quarter,42,2025,8,1,15,2025-08,Rainy,11.285,15.1,4.7,63.0,50.0,2.0,1.4204545454545454,5.0,1.154639175257732,1
35.1,Clear,14.0,1005.0,0.0,53,25,38.1,10.0,6.9,16.2,1533.65,34.0,20.535,11.655,13.32,15.17,1,2,Waxing Gibbous,52,2025,8,2,15,2025-08,Rainy,12.765,9.7,6.3,50.0,25.0,2.12,1.5099715099715099,5.3,1.157142857142857,1
34.4,Cloudy,18.0,1007.0,0.0,53,25,36.9,10.0,6.7,20.7,1585.45,42.0,19.61,11.1,13.32,14.985,1,2,Waxing Gibbous,61,2025,8,3,15,2025-08,Rainy,13.32,14.0,6.9,53.0,25.0,2.12,1.5406976744186047,5.3,1.15,1
35.2,Cloudy,13.7,1006.0,0.0,47,25,37.1,10.0,6.4,15.7,1455.95,47.0,32.745,19.425,26.825,31.265,2,3,Waxing Gibbous,70,2025,8,4,15,2025-08,Rainy,13.32,18.0,6.7,53.0,25.0,1.88,1.3352272727272727,4.7,1.145985401459854,1
35.1,Cloudy,14.0,1005.0,0.0,50,50,40.5,10.0,2.0,16.3,1254.3,42.0,33.855,21.09,25.53,29.785,2,3,Waxing Gibbous,79,2025,8,5,15,2025-08,Rainy,26.825,13.7,6.4,47.0,25.0,1.0,1.4245014245014245,5.0,1.1642857142857144,1
33.1,Cloudy,14.8,1005.0,0.0,59,50,35.4,10.0,3.4,17.0,1106.3,47.0,24.05,13.505,21.275,27.01,2,2,Waxing Gibbous,86,2025,8,6,15,2025-08,Rainy,25.53,14.0,2.0,50.0,50.0,1.18,1.782477341389728,5.9,1.1486486486486487,1
33.3,Cloudy,18.4,1007.0,0.0,56,50,38.4,10.0,2.7,21.1,1363.45,40.0,16.835,8.51,10.175,11.47,1,1,Waxing Gibbous,92,2025,8,7,15,2025-08,Rainy,21.275,14.8,3.4,59.0,50.0,1.12,1.6816816816816818,5.6,1.1467391304347827,1
36.2,Cloudy,10.1,1008.0,0.0,47,50,39.4,10.0,6.6,11.6,1095.2,46.0,39.035,23.31,25.715,27.565,2,3,Waxing Gibbous,97,2025,8,8,15,2025-08,Rainy,10.175,18.4,2.7,56.0,50.0,0.94,1.298342541436464,4.7,1.1485148514851484,1
35.2,Cloudy,20.9,1007.0,0.0,47,25,37.6,10.0,6.7,24.0,1452.25,47.0,29.6,19.425,20.905,22.015,2,2,Full Moon,99,2025,8,9,15,2025-08,Rainy,25.715,10.1,6.6,47.0,50.0,1.88,1.3352272727272727,4.7,1.1483253588516746,1
36.1,Cloudy,18.0,1005.0,0.0,45,25,44.3,10.0,4.6,23.3,843.6,37.0,27.195,18.315,21.46,24.605,2,2,Waning Gibbous,100,2025,8,10,15,2025-08,Rainy,20.905,20.9,6.7,47.0,25.0,1.8,1.2465373961218835,4.5,1.2944444444444445,1
33.3,Cloudy,15.5,1005.0,0.0,56,50,36.6,10.0,6.6,17.8,1028.6,40.0,25.9,16.835,19.425,23.31,2,2,Waning Gibbous,98,2025,8,11,15,2025-08,Rainy,21.46,18.0,4.6,45.0,25.0,1.12,1.6816816816816818,5.6,1.1483870967741936,1
34.4,Cloudy,18.0,1004.0,0.0,50,50,37.9,10.0,5.6,20.7,2059.05,37.0,22.94,12.765,12.765,13.875,1,2,Waning Gibbous,93,2025,8,12,15,2025-08,Rainy,19.425,15.5,6.6,56.0,50.0,1.0,1.4534883720930234,5.0,1.15,1
34.0,Cloudy,13.3,1006.0,0.0,50,50,37.0,10.0,5.7,15.3,1428.2,44.0,22.94,13.32,12.95,14.06,1,2,Waning Gibbous,86,2025,8,13,15,2025-08,Rainy,12.765,18.0,5.6,50.0,50.0,1.0,1.4705882352941178,5.0,1.150375939849624,1
34.3,Rain,22.0,1005.0,0.14,47,25,38.8,10.0,3.1,25.3,1261.7,46.0,29.6,19.055,21.83,24.79,2,2,Waning Gibbous,77,2025,8,14,15,2025-08,Rainy,12.95,13.3,5.7,50.0,50.0,1.88,1.370262390670554,4.7,1.1500000000000001,1
33.3,Cloudy,13.0,1003.0,0.0,53,50,36.5,10.0,2.7,14.9,1585.45,42.0,31.265,20.905,19.425,20.72,2,2,Waning Gibbous,67,2025,8,15,15,2025-08,Rainy,21.83,22.0,3.1,47.0,25.0,1.06,1.5915915915915917,5.3,1.146153846153846,1
29.0,Rain,16.6,1003.0,2.23,79,75,37.3,10.0,1.4,22.2,1861.1,42.0,36.075,24.05,20.72,22.015,2,2,Last Quarter,56,2025,8,16,15,2025-08,Rainy,19.425,13.0,2.7,53.0,50.0,1.0533333333333332,2.7241379310344827,7.9,1.3373493975903612,1
31.3,Cloudy,14.8,1007.0,0.01,59,50,35.6,10.0,0.8,17.6,2218.15,32.0,53.28,33.115,33.3,34.78,2,3,Waning Crescent,44,2025,8,17,15,2025-08,Rainy,20.72,16.6,1.4,79.0,75.0,1.18,1.8849840255591055,5.9,1.1891891891891893,1
33.3,Rain,9.4,1007.0,0.03,56,25,44.4,10.0,1.0,11.2,1953.6,36.0,37.555,21.645,26.455,30.525,2,3,Waning Crescent,33,2025,8,18,15,2025-08,Rainy,33.3,14.8,0.8,59.0,50.0,2.24,1.6816816816816818,5.6,1.1914893617021276,1
32.2,Cloudy,15.5,1008.0,0.12,56,50,36.2,10.0,5.5,18.0,2020.2,40.0,27.195,13.32,21.09,24.79,2,2,Waning Crescent,23,2025,8,19,15,2025-08,Rainy,26.455,9.4,1.0,56.0,25.0,1.12,1.7391304347826086,5.6,1.1612903225806452,1
34.1,Cloudy,8.3,1006.0,0.04,53,50,38.5,10.0,1.3,10.3,2075.7,71.0,19.055,12.395,17.205,20.535,2,2,Waning Crescent,14,2025,8,20,16,2025-08,Rainy,21.09,15.5,5.5,56.0,50.0,1.06,1.5542521994134897,5.3,1.2409638554216866,1
34.4,Cloudy,8.3,1007.0,0.02,56,50,38.5,10.0,5.2,9.5,1844.45,52.0,22.94,14.8,18.685,21.09,2,2,Waning Crescent,7,2025,8,21,15,2025-08,Rainy,17.205,8.3,1.3,53.0,50.0,1.12,1.627906976744186,5.6,1.1445783132530118,1
31.4,Cloudy,16.2,1006.0,0.01,66,50,39.3,10.0,0.7,23.3,3002.55,21.0,49.58,36.075,31.08,32.56,2,3,Waning Crescent,3,2025,8,22,15,2025-08,Rainy,18.685,8.3,5.2,56.0,50.0,1.32,2.1019108280254777,6.6,1.4382716049382718,1
32.4,Cloudy,8.6,1006.0,0.11,59,50,37.0,10.0,5.0,10.9,1502.2,33.0,32.93,17.575,16.095,16.465,2,2,New Moon,0,2025,8,23,15,2025-08,Rainy,31.08,16.2,0.7,66.0,50.0,1.18,1.8209876543209877,5.9,1.2674418604651163,1
33.0,Cloudy,18.0,1005.0,0.36,56,50,38.2,10.0,2.3,21.2,1383.8,43.0,28.305,20.165,18.13,18.87,2,2,Waxing Crescent,0,2025,8,24,15,2025-08,Rainy,16.095,8.6,5.0,59.0,50.0,1.12,1.696969696969697,5.6,1.1777777777777778,1
32.4,Rain,10.8,1004.0,1.83,59,25,39.1,10.0,5.1,17.9,937.95,45.0,24.605,14.985,13.875,14.43,1,2,Waxing Crescent,2,2025,8,25,15,2025-08,Rainy,18.13,18.0,2.3,56.0,50.0,2.36,1.8209876543209877,5.9,1.6574074074074072,1
32.2,Cloudy,23.0,1005.0,0.38,56,50,36.6,10.0,1.2,27.3,1385.65,43.0,17.76,9.25,9.99,10.175,1,1,Waxing Crescent,6,2025,8,26,15,2025-08,Rainy,13.875,10.8,5.1,59.0,25.0,1.12,1.7391304347826086,5.6,1.1869565217391305,1
31.0,Cloudy,15.5,1008.0,0.0,59,75,37.8,10.0,1.2,21.3,2133.05,40.0,20.72,11.655,11.1,11.47,1,1,Waxing Crescent,12,2025,8,27,15,2025-08,Rainy,9.99,23.0,1.2,56.0,50.0,0.7866666666666666,1.903225806451613,5.9,1.3741935483870968,1
33.1,Cloudy,18.0,1006.0,0.0,53,25,36.6,10.0,6.5,20.7,2035.0,37.0,32.375,16.095,16.65,17.76,2,2,Waxing Crescent,19,2025,8,28,15,2025-08,Rainy,11.1,15.5,1.2,59.0,75.0,2.12,1.6012084592145015,5.3,1.15,1
34.4,Cloudy,16.9,1006.0,0.0,50,25,35.9,10.0,6.7,19.5,1141.45,40.0,32.19,21.09,25.16,28.86,2,3,Waxing Crescent,27,2025,8,29,15,2025-08,Rainy,16.65,18.0,6.5,53.0,25.0,2.0,1.4534883720930234,5.0,1.153846153846154,1
33.0,Rain,18.0,1005.0,0.17,53,25,35.6,10.0,8.5,20.7,793.65,30.0,26.085,16.095,20.35,23.31,2,2,Waxing Crescent,35,2025,8,30,14,2025-08,Rainy,25.16,16.9,6.7,50.0,25.0,2.12,1.606060606060606,5.3,1.15,1
32.1,Cloudy,18.4,1003.0,0.02,59,50,37.3,10.0,3.2,22.0,986.05,39.0,22.2,14.06,13.505,14.43,1,2,First Quarter,45,2025,8,31,15,2025-08,Rainy,20.35,18.0,8.5,53.0,25.0,1.18,1.838006230529595,5.9,1.1956521739130437,1
33.0,Cloudy,14.4,1003.0,0.18,53,50,38.2,10.0,5.4,17.3,2392.05,42.0,17.76,11.1,10.545,10.915,1,1,Waxing Gibbous,54,2025,9,1,15,2025-09,Rainy,13.505,18.4,3.2,59.0,50.0,1.06,1.606060606060606,5.3,1.2013888888888888,1
33.0,Cloudy,12.2,1005.0,1.62,56,50,41.4,10.0,2.5,20.0,2516.0,45.0,20.35,11.84,10.915,11.47,1,1,Waxing Gibbous,64,2025,9,2,15,2025-09,Rainy,10.545,14.4,5.4,53.0,50.0,1.12,1.696969696969697,5.6,1.639344262295082,1
34.4,Cloudy,4.3,1005.0,0.0,53,50,47.7,10.0,2.2,5.9,3159.8,43.0,44.03,27.38,23.68,26.825,2,2,Waxing Gibbous,73,2025,9,3,15,2025-09,Rainy,10.915,12.2,2.5,56.0,50.0,1.06,1.5406976744186047,5.3,1.3720930232558142,1
32.3,Cloudy,13.3,1005.0,0.14,63,50,36.4,10.0,5.3,15.3,2012.8,44.0,51.43,35.52,30.34,33.3,2,3,Waxing Gibbous,81,2025,9,4,15,2025-09,Rainy,23.68,4.3,2.2,53.0,50.0,1.26,1.9504643962848298,6.3,1.150375939849624,1
32.3,Rain,8.6,1005.0,0.3,63,50,35.6,9.0,8.1,9.9,1877.75,15.0,68.82,56.795,44.955,48.1,3,5,Waxing Gibbous,89,2025,9,5,14,2025-09,Rainy,30.34,13.3,5.3,63.0,50.0,1.26,1.9504643962848298,7.0,1.1511627906976745,1
33.2,Cloudy,8.6,1005.0,2.6,59,50,39.8,10.0,8.0,12.6,5890.4,17.0,92.315,60.68,54.76,56.24,3,7,Waxing Gibbous,95,2025,9,6,14,2025-09,Rainy,44.955,8.6,8.1,63.0,50.0,1.18,1.7771084337349397,5.9,1.4651162790697674,1
28.2,Cloudy,7.9,1005.0,0.0,89,50,31.5,10.0,5.0,9.6,3483.55,19.0,44.955,22.385,23.495,27.01,2,2,Full Moon,99,2025,9,7,14,2025-09,Rainy,54.76,8.6,8.0,59.0,50.0,1.78,3.1560283687943262,8.9,1.2151898734177213,1
26.3,Rain,11.9,1006.0,0.26,100,75,29.6,10.0,5.9,16.5,2464.2,50.0,28.86,15.725,19.795,20.535,2,2,Full Moon,100,2025,9,8,15,2025-09,Rainy,23.495,7.9,5.0,89.0,50.0,1.3333333333333333,3.802281368821293,10.0,1.3865546218487395,1
32.4,Cloudy,21.2,1007.0,0.0,63,50,39.4,10.0,6.4,24.4,1696.45,47.0,19.24,10.73,10.545,10.915,1,1,Waning Gibbous,99,2025,9,9,15,2025-09,Rainy,19.795,11.9,5.9,100.0,75.0,1.26,1.9444444444444444,6.3,1.150943396226415,1
30.2,Cloudy,15.5,1008.0,0.01,70,50,34.7,10.0,5.6,17.8,1776.0,44.0,13.875,7.77,8.51,8.88,1,1,Waning Gibbous,95,2025,9,10,15,2025-09,Rainy,10.545,21.2,6.4,63.0,50.0,1.4,2.3178807947019866,7.0,1.1483870967741936,1
33.3,Cloudy,14.4,1007.0,0.0,59,50,39.0,10.0,5.0,16.6,2577.05,43.0,23.865,14.985,14.245,14.985,1,2,Waning Gibbous,88,2025,9,11,15,2025-09,Rainy,8.51,15.5,5.6,70.0,50.0,1.18,1.771771771771772,5.9,1.152777777777778,1
26.2,Thunder,4.7,1007.0,0.0,100,75,27.1,2.0,3.6,5.5,2943.35,28.0,72.335,62.16,47.175,49.025,3,5,Waning Gibbous,80,2025,9,12,15,2025-09,Rainy,14.245,14.4,5.0,59.0,50.0,1.3333333333333333,3.816793893129771,50.0,1.1702127659574468,1
34.2,Cloudy,11.2,1007.0,0.0,56,50,39.9,10.0,3.5,12.9,2512.3,54.0,91.02,66.045,80.475,81.215,4,10,Waning Gibbous,69,2025,9,13,15,2025-09,Rainy,47.175,4.7,3.6,100.0,75.0,1.12,1.6374269005847952,5.6,1.1517857142857144,1
31.4,Thunder,13.0,1008.0,0.06,66,50,34.7,10.0,3.5,14.9,2292.15,42.0,65.675,41.995,44.4,45.14,3,5,Last Quarter,58,2025,9,14,15,2025-09,Rainy,80.475,11.2,3.5,56.0,50.0,1.32,2.1019108280254777,6.6,1.146153846153846,1
29.1,Thunder,16.9,1007.0,0.0,79,50,30.8,9.0,6.3,19.5,2018.35,50.0,48.47,27.195,27.75,28.305,2,3,Waning Crescent,47,2025,9,15,15,2025-09,Rainy,44.4,13.0,3.5,66.0,50.0,1.58,2.714776632302405,8.777777777777779,1.153846153846154,1
32.4,Cloudy,17.3,1007.0,0.01,63,50,35.2,10.0,5.8,19.9,1855.55,52.0,34.225,24.05,27.935,28.12,2,3,Waning Crescent,36,2025,9,16,15,2025-09,Rainy,27.75,16.9,6.3,79.0,50.0,1.26,1.9444444444444444,6.3,1.1502890173410403,1
33.4,Cloudy,12.2,1005.0,4.25,63,50,43.0,10.0,3.7,22.9,2632.55,55.0,34.225,19.98,24.42,24.975,2,3,Waning Crescent,26,2025,9,17,15,2025-09,Rainy,27.935,17.3,5.8,63.0,50.0,1.26,1.8862275449101797,6.3,1.8770491803278688,1
33.0,Cloudy,12.6,1004.0,0.01,56,50,38.3,10.0,2.8,15.6,2171.9,44.0,40.515,26.825,24.42,25.345,2,3,Waning Crescent,17,2025,9,18,15,2025-09,Rainy,24.42,12.2,3.7,63.0,50.0,1.12,1.696969696969697,5.6,1.2380952380952381,1
32.0,Cloudy,11.9,1006.0,0.62,59,50,42.7,10.0,3.8,17.6,1953.6,42.0,45.695,29.23,21.83,22.015,2,2,Waning Crescent,10,2025,9,19,15,2025-09,Rainy,24.42,12.6,2.8,56.0,50.0,1.18,1.84375,5.9,1.4789915966386555,1
33.3,Cloudy,15.8,1005.0,0.13,59,50,40.3,10.0,3.6,19.1,1272.8,27.0,17.76,8.88,8.325,8.51,1,1,Waning Crescent,5,2025,9,20,15,2025-09,Rainy,21.83,11.9,3.8,59.0,50.0,1.18,1.771771771771772,5.9,1.2088607594936709,1
34.2,Cloudy,12.6,1005.0,0.0,53,50,42.8,10.0,9.0,14.7,1073.0,34.0,13.135,7.215,5.365,5.92,1,1,Waning Crescent,1,2025,9,21,14,2025-09,Rainy,8.325,15.8,3.6,59.0,50.0,1.06,1.5497076023391811,5.3,1.1666666666666667,1
33.4,Cloudy,7.9,1006.0,0.0,56,50,40.9,10.0,3.0,9.9,1955.45,42.0,20.35,9.62,15.17,17.76,1,2,New Moon,0,2025,9,22,15,2025-09,Rainy,5.365,12.6,9.0,53.0,50.0,1.12,1.6766467065868265,5.6,1.2531645569620253,1
34.3,Cloudy,13.3,1005.0,0.29,56,50,36.3,10.0,6.0,20.0,1383.8,42.0,23.125,13.32,17.205,19.24,2,2,Waxing Crescent,1,2025,9,23,15,2025-09,Rainy,15.17,7.9,3.0,56.0,50.0,1.12,1.6326530612244898,5.6,1.5037593984962405,1
33.1,Cloudy,18.0,1003.0,0.0,56,50,41.4,10.0,4.2,23.2,2218.15,33.0,18.5,9.99,10.36,10.73,1,1,Waxing Crescent,3,2025,9,24,15,2025-09,Rainy,17.205,13.3,6.0,56.0,50.0,1.12,1.6918429003021147,5.6,1.2888888888888888,1
33.4,Cloudy,16.6,1005.0,0.03,53,50,44.5,10.0,1.4,21.5,1848.15,27.0,22.755,11.84,9.25,9.62,1,1,Waxing Crescent,8,2025,9,25,14,2025-09,Rainy,10.36,18.0,4.2,56.0,50.0,1.06,1.5868263473053892,5.3,1.2951807228915662,1
31.4,Cloudy,13.3,1007.0,0.0,63,50,39.4,10.0,2.5,17.4,2232.95,25.0,24.05,12.95,9.805,10.175,1,1,Waxing Crescent,14,2025,9,26,14,2025-09,Rainy,9.25,16.6,1.4,53.0,50.0,1.26,2.0063694267515926,6.3,1.3082706766917291,1
31.0,Cloudy,10.1,1007.0,1.84,63,75,38.7,10.0,3.4,18.0,1492.95,30.0,63.27,37.0,27.75,28.49,2,3,Waxing Crescent,21,2025,9,27,15,2025-09,Rainy,9.805,13.3,2.5,63.0,50.0,0.84,2.032258064516129,6.3,1.7821782178217822,1
31.2,Cloudy,17.6,1004.0,0.0,66,50,35.5,10.0,3.8,20.3,987.9,38.0,44.585,28.49,22.755,22.755,2,2,Waxing Crescent,29,2025,9,28,14,2025-09,Rainy,27.75,10.1,3.4,63.0,75.0,1.32,2.1153846153846154,6.6,1.1534090909090908,1
32.4,Cloudy,15.1,1002.0,2.12,67,50,40.8,10.0,4.0,21.5,1496.65,24.0,41.625,24.42,22.2,22.755,2,2,Waxing Crescent,38,2025,9,29,14,2025-09,Rainy,22.755,17.6,3.8,66.0,50.0,1.34,2.0679012345679015,6.7,1.423841059602649,1
31.2,Cloudy,20.2,1006.0,0.45,63,50,37.1,10.0,5.0,24.6,768.85,43.0,8.75,4.85,4.25,4.45,1,1,First Quarter,47,2025,9,30,15,2025-09,Rainy,22.2,15.1,4.0,67.0,50.0,1.26,2.019230769230769,6.3,1.217821782178218,1
25.2,Thunder,15.1,1010.0,0.0,94,50,26.2,1.5,7.9,17.4,906.85,29.0,14.75,8.35,6.35,7.05,1,1,Waxing Gibbous,57,2025,10,1,14,2025-10,Rainy,4.25,20.2,5.0,63.0,50.0,1.88,3.7301587301587302,62.666666666666664,1.1523178807947019,1
34.3,Cloudy,3.6,1009.0,0.0,50,50,39.3,10.0,7.7,10.8,1068.85,15.0,50.65,37.25,33.75,35.15,2,3,Waxing Gibbous,67,2025,10,2,14,2025-10,Rainy,6.35,15.1,7.9,94.0,50.0,1.0,1.457725947521866,5.0,3.0,1
31.1,Cloudy,3.6,1009.0,0.0,71,25,33.4,10.0,11.0,10.8,917.85,75.0,31.05,24.15,31.55,31.85,2,3,Waxing Gibbous,76,2025,10,3,13,2025-10,Rainy,33.75,3.6,7.7,50.0,50.0,2.84,2.282958199356913,7.1,3.0,1
26.4,Thunder,15.8,1011.0,0.0,94,75,27.3,10.0,11.2,24.3,885.85,67.0,36.65,33.65,39.35,39.85,2,4,Waxing Gibbous,85,2025,10,4,13,2025-10,Rainy,31.55,3.6,11.0,71.0,25.0,1.2533333333333334,3.560606060606061,9.4,1.5379746835443038,1
31.2,Rain,10.8,1010.0,0.01,66,25,34.8,10.0,10.4,17.3,1414.85,28.0,44.85,26.05,26.85,27.15,2,3,Waxing Gibbous,92,2025,10,5,13,2025-10,Rainy,39.35,15.8,11.2,94.0,75.0,2.64,2.1153846153846154,6.6,1.6018518518518519,1
33.1,Cloudy,15.8,1009.0,0.0,56,25,36.7,10.0,10.7,18.2,1043.85,23.0,17.15,9.95,11.15,11.75,1,1,Waxing Gibbous,97,2025,10,6,13,2025-10,Rainy,26.85,10.8,10.4,66.0,25.0,2.24,1.6918429003021147,5.6,1.1518987341772151,1
33.1,Cloudy,11.5,1008.0,0.03,56,50,38.1,10.0,2.9,14.9,1275.85,45.0,14.15,9.15,10.85,11.35,1,1,Full Moon,100,2025,10,7,15,2025-10,Rainy,11.15,15.8,10.7,56.0,25.0,1.12,1.6918429003021147,5.6,1.2956521739130435,1
33.2,Cloudy,10.8,1008.0,0.0,56,25,37.5,10.0,5.5,12.4,2682.85,31.0,49.45,31.05,33.05,33.45,2,3,Waning Gibbous,99,2025,10,8,15,2025-10,Rainy,10.85,11.5,2.9,56.0,50.0,2.24,1.686746987951807,5.6,1.1481481481481481,1
32.3,Cloudy,9.4,1008.0,0.0,63,25,36.3,10.0,4.4,11.1,790.85,53.0,39.95,27.35,29.35,29.75,2,3,Waning Gibbous,96,2025,10,9,15,2025-10,Rainy,33.05,10.8,5.5,56.0,25.0,2.52,1.9504643962848298,6.3,1.180851063829787,1
31.2,Cloudy,8.3,1007.0,0.0,66,50,32.8,10.0,4.5,9.5,685.85,47.0,36.35,26.15,26.55,26.65,2,3,Waning Gibbous,90,2025,10,10,15,2025-10,Rainy,29.35,9.4,4.4,63.0,25.0,1.32,2.1153846153846154,6.6,1.1445783132530118,1
33.3,Cloudy,6.1,1006.0,0.0,56,25,39.7,10.0,5.0,7.5,1147.85,61.0,34.65,25.45,22.85,22.95,2,2,Waning Gibbous,82,2025,10,11,15,2025-10,Rainy,26.55,8.3,4.5,66.0,50.0,2.24,1.6816816816816818,5.6,1.2295081967213115,1
32.1,Cloudy,3.6,1005.0,1.13,63,50,37.2,10.0,7.4,4.4,1229.85,46.0,35.75,24.25,23.35,23.45,2,2,Waning Gibbous,72,2025,10,12,14,2025-10,Rainy,22.85,6.1,5.0,56.0,25.0,1.26,1.9626168224299065,6.3,1.2222222222222223,1
30.4,Thunder,10.1,1006.0,0.21,79,50,34.7,10.0,2.1,12.9,1695.85,37.0,43.95,28.35,26.15,26.15,2,3,Last Quarter,62,2025,10,13,15,2025-10,Rainy,23.35,3.6,7.4,63.0,50.0,1.58,2.598684210526316,7.9,1.2772277227722773,1
26.2,Rain,6.1,1007.0,0.01,94,75,27.7,8.0,4.9,7.2,1149.85,38.0,34.65,20.15,17.75,17.85,2,2,Last Quarter,51,2025,10,14,15,2025-10,Rainy,26.15,10.1,2.1,79.0,50.0,1.2533333333333334,3.5877862595419847,11.75,1.1803278688524592,1
31.1,Thunder,3.6,1006.0,0.0,66,50,40.0,10.0,4.6,10.8,1031.85,42.0,36.85,19.65,18.45,18.45,2,2,Waning Crescent,40,2025,10,15,15,2025-10,Rainy,17.75,6.1,4.9,94.0,75.0,1.32,2.122186495176849,6.6,3.0,1
33.3,Cloudy,11.9,1006.0,0.01,59,50,39.6,10.0,6.9,13.7,592.85,17.0,40.85,36.45,24.45,24.45,2,3,Waning Crescent,30,2025,10,16,14,2025-10,Rainy,18.45,3.6,4.6,66.0,50.0,1.18,1.771771771771772,5.9,1.1512605042016806,1
34.1,Cloudy,8.6,1007.0,1.75,56,50,43.3,10.0,7.5,12.1,563.85,15.0,38.45,25.65,18.35,18.45,2,2,Waning Crescent,21,2025,10,17,14,2025-10,Rainy,24.45,11.9,6.9,59.0,50.0,1.12,1.6422287390029324,5.6,1.4069767441860466,1
34.0,Cloudy,9.4,1006.0,0.01,56,50,41.0,10.0,7.4,10.8,559.85,26.0,29.45,24.75,17.75,17.95,2,2,Waning Crescent,13,2025,10,18,14,2025-10,Rainy,18.35,8.6,7.5,56.0,50.0,1.12,1.6470588235294117,5.6,1.148936170212766,1
32.1,Rain,10.8,1006.0,2.13,59,25,36.5,10.0,6.9,13.8,589.85,33.0,28.75,17.85,14.75,14.85,1,2,Waning Crescent,7,2025,10,19,14,2025-10,Rainy,17.75,9.4,7.4,56.0,50.0,2.36,1.838006230529595,5.9,1.2777777777777777,1
34.0,Rain,15.1,1006.0,0.29,53,25,40.1,10.0,4.6,17.6,574.85,43.0,26.25,19.85,15.15,15.25,1,2,Waning Crescent,3,2025,10,20,15,2025-10,Rainy,14.75,10.8,6.9,59.0,25.0,2.12,1.5588235294117647,5.3,1.165562913907285,1
33.3,Cloudy,11.9,1007.0,0.0,56,25,37.8,10.0,1.8,14.5,991.85,66.0,27.35,20.95,21.05,21.15,2,2,New Moon,1,2025,10,21,15,2025-10,Rainy,15.15,15.1,4.6,53.0,25.0,2.24,1.6816816816816818,5.6,1.218487394957983,1
32.1,Rain,11.9,1008.0,0.01,52,25,36.5,10.0,5.5,15.0,998.85,42.0,31.95,23.95,26.25,26.25,2,3,Waxing Crescent,0,2025,10,22,14,2025-10,Rainy,21.05,11.9,1.8,56.0,25.0,2.08,1.6199376947040498,5.2,1.2605042016806722,1
30.3,Cloudy,19.1,1009.0,0.0,55,50,33.3,10.0,5.1,22.9,1146.85,36.0,33.05,24.65,21.45,21.45,2,2,Waxing Crescent,1,2025,10,23,14,2025-10,Rainy,26.25,11.9,5.5,52.0,25.0,1.1,1.8151815181518152,5.5,1.1989528795811517,1
32.2,Cloudy,10.4,1009.0,0.04,49,50,37.5,10.0,2.3,12.4,1073.85,53.0,24.55,20.45,17.15,17.15,2,2,Waxing Crescent,4,2025,10,24,15,2025-10,Rainy,21.45,19.1,5.1,55.0,50.0,0.98,1.5217391304347825,4.9,1.1923076923076923,1
31.4,Cloudy,9.7,1009.0,0.33,55,75,35.2,10.0,4.6,11.5,806.85,48.0,28.15,20.15,15.85,15.85,2,2,Waxing Crescent,9,2025,10,25,14,2025-10,Rainy,17.15,10.4,2.3,49.0,50.0,0.7333333333333333,1.7515923566878981,5.5,1.1855670103092784,1
32.3,Rain,20.2,1009.0,0.12,56,25,37.6,10.0,5.3,23.6,1802.85,26.0,48.65,33.05,30.05,30.05,2,3,Waxing Crescent,15,2025,10,26,14,2025-10,Rainy,15.85,9.7,4.6,55.0,75.0,2.24,1.73374613003096,5.6,1.1683168316831685,1
30.1,Cloudy,19.1,1010.0,0.04,62,50,32.5,10.0,4.2,22.0,1149.85,63.0,38.15,30.85,35.75,35.85,2,3,Waxing Crescent,23,2025,10,27,15,2025-10,Rainy,30.05,20.2,5.3,56.0,25.0,1.24,2.059800664451827,6.2,1.1518324607329842,1
31.0,Rain,12.2,1009.0,0.01,63,25,36.5,10.0,1.4,16.4,1254.85,49.0,27.25,23.15,25.85,25.95,2,3,Waxing Crescent,31,2025,10,28,14,2025-10,Rainy,35.75,19.1,4.2,62.0,50.0,2.52,2.032258064516129,6.3,1.3442622950819672,1
31.2,Cloudy,14.4,1008.0,0.0,59,50,36.2,10.0,2.5,19.1,749.85,47.0,35.15,26.05,30.25,30.35,2,3,First Quarter,40,2025,10,29,15,2025-10,Rainy,25.85,12.2,1.4,63.0,25.0,1.18,1.891025641025641,5.9,1.326388888888889,1
26.4,Cloudy,5.4,1008.0,0.06,89,75,29.0,10.0,2.8,7.2,847.85,30.0,51.45,31.05,32.85,32.85,2,3,Waxing Gibbous,50,2025,10,30,14,2025-10,Rainy,30.25,14.4,2.5,59.0,50.0,1.1866666666666668,3.3712121212121215,8.9,1.3333333333333333,1
32.4,Cloudy,6.8,1007.0,0.0,63,50,41.1,10.0,4.0,8.1,880.85,41.0,28.15,17.75,14.15,14.15,1,2,Waxing Gibbous,61,2025,10,31,15,2025-10,Rainy,32.85,5.4,2.8,89.0,75.0,1.26,1.9444444444444444,6.3,1.1911764705882353,1
29.3,Rain,6.8,1008.0,0.34,79,50,33.1,10.0,1.6,9.0,937.85,46.0,24.85,15.65,12.25,12.35,1,2,Waxing Gibbous,71,2025,11,1,15,2025-11,Cool,14.15,6.8,4.0,63.0,50.0,1.58,2.696245733788396,7.9,1.3235294117647058,1
31.2,Cloudy,11.5,1007.0,0.01,66,50,36.6,10.0,2.3,14.1,989.85,41.0,30.75,18.65,13.45,13.45,1,2,Waxing Gibbous,80,2025,11,2,15,2025-11,Cool,12.25,6.8,1.6,79.0,50.0,1.32,2.1153846153846154,6.6,1.2260869565217392,1
30.2,Rain,3.6,1007.0,0.76,70,25,33.3,10.0,2.9,3.9,938.85,28.0,35.55,20.75,14.15,14.15,1,2,Waxing Gibbous,88,2025,11,3,15,2025-11,Cool,13.45,11.5,2.3,66.0,50.0,2.8,2.3178807947019866,7.0,1.0833333333333333,1
30.2,Cloudy,12.6,1008.0,0.13,66,50,35.3,10.0,3.9,15.2,1181.85,60.0,25.05,18.45,15.45,15.55,1,2,Waxing Gibbous,95,2025,11,4,15,2025-11,Cool,14.15,3.6,2.9,70.0,25.0,1.32,2.185430463576159,6.6,1.2063492063492063,1
30.3,Cloudy,3.6,1007.0,0.27,62,50,35.8,10.0,1.6,10.8,1737.85,37.0,51.45,33.75,32.55,32.55,2,3,Full Moon,99,2025,11,5,15,2025-11,Cool,15.45,12.6,3.9,66.0,50.0,1.24,2.046204620462046,6.2,3.0,1
31.2,Cloudy,10.4,1006.0,0.29,59,50,36.9,10.0,5.8,12.4,1170.85,20.0,54.15,34.65,29.85,29.85,2,3,Waning Gibbous,100,2025,11,6,14,2025-11,Cool,32.55,3.6,1.6,62.0,50.0,1.18,1.891025641025641,5.9,1.1923076923076923,1
30.4,Cloudy,9.0,1006.0,0.0,70,25,34.7,10.0,2.9,11.2,1145.85,61.0,35.45,23.45,23.55,23.65,2,2,Waning Gibbous,98,2025,11,7,15,2025-11,Cool,29.85,10.4,5.8,59.0,50.0,2.8,2.3026315789473686,7.0,1.2444444444444445,1
30.2,Cloudy,5.4,1007.0,0.0,66,50,38.0,10.0,1.0,7.2,1855.85,76.0,27.95,18.05,28.25,28.35,2,3,Waning Gibbous,93,2025,11,8,15,2025-11,Cool,23.55,9.0,2.9,70.0,25.0,1.32,2.185430463576159,6.6,1.3333333333333333,1
32.3,Cloudy,6.5,1007.0,0.0,63,50,36.6,10.0,5.9,7.5,1202.85,45.0,27.95,14.35,17.05,17.25,2,2,Waning Gibbous,85,2025,11,9,14,2025-11,Cool,28.25,5.4,1.0,66.0,50.0,1.26,1.9504643962848298,6.3,1.1538461538461537,1
27.2,Rain,6.5,1007.0,1.34,89,75,28.3,10.0,6.5,7.5,1621.85,41.0,49.75,33.15,34.35,34.45,2,3,Waning Gibbous,76,2025,11,10,14,2025-11,Cool,17.05,6.5,5.9,63.0,50.0,1.1866666666666668,3.2720588235294117,8.9,1.1538461538461537,1
33.0,Rain,6.5,1007.0,1.08,59,25,38.6,10.0,5.0,7.7,1730.85,22.0,53.75,33.65,31.35,31.45,2,3,Waning Gibbous,66,2025,11,11,14,2025-11,Cool,34.35,6.5,6.5,89.0,75.0,2.36,1.7878787878787878,5.9,1.1846153846153846,1
32.4,Cloudy,6.8,1008.0,0.14,63,50,38.3,10.0,6.6,7.9,1738.85,14.0,81.15,28.45,47.05,47.15,3,5,Last Quarter,56,2025,11,12,14,2025-11,Cool,31.35,6.5,5.0,59.0,25.0,1.26,1.9444444444444444,6.3,1.161764705882353,1
32.0,Cloudy,7.6,1010.0,1.58,67,50,38.5,10.0,4.5,9.9,1566.85,30.0,40.15,24.45,25.05,25.05,2,3,Waning Crescent,45,2025,11,13,14,2025-11,Cool,47.05,6.8,6.6,63.0,50.0,1.34,2.09375,6.7,1.3026315789473686,1
32.1,Clear,8.6,1011.0,0.0,59,25,35.8,10.0,6.6,9.9,1576.85,23.0,46.05,31.55,31.95,32.05,2,3,Waning Crescent,35,2025,11,14,14,2025-11,Cool,25.05,7.6,4.5,67.0,50.0,2.36,1.838006230529595,5.9,1.1511627906976745,1
30.3,Clear,13.7,1012.0,0.0,40,25,31.4,10.0,6.8,15.7,1512.85,34.0,42.55,28.45,26.25,26.45,2,3,Waning Crescent,26,2025,11,15,14,2025-11,Cool,31.95,8.6,6.6,59.0,25.0,1.6,1.3201320132013201,4.0,1.145985401459854,1
31.2,Rain,14.0,1012.0,0.01,52,25,33.9,10.0,6.8,16.2,968.85,43.0,34.45,24.65,20.85,20.95,2,2,Waning Crescent,18,2025,11,16,14,2025-11,Cool,26.25,13.7,6.8,40.0,25.0,2.08,1.6666666666666667,5.2,1.157142857142857,1
28.2,Cloudy,9.0,1011.0,0.67,70,50,32.2,10.0,1.9,11.8,768.85,53.0,29.05,17.55,19.15,19.15,2,2,Waning Crescent,11,2025,11,17,14,2025-11,Cool,20.85,14.0,6.8,52.0,25.0,1.4,2.4822695035460995,7.0,1.3111111111111111,1
29.2,Cloudy,10.8,1010.0,0.02,66,75,35.0,10.0,2.7,13.8,1160.85,51.0,28.65,21.95,16.75,16.85,2,2,Waning Crescent,6,2025,11,18,14,2025-11,Cool,19.15,9.0,1.9,70.0,50.0,0.88,2.26027397260274,6.6,1.2777777777777777,1
29.3,Cloudy,11.2,1012.0,0.0,58,25,34.0,10.0,1.2,15.4,884.85,46.0,21.85,17.05,10.05,10.05,1,1,Waning Crescent,2,2025,11,19,14,2025-11,Cool,16.75,10.8,2.7,66.0,75.0,2.32,1.9795221843003412,5.8,1.3750000000000002,1
26.3,Cloudy,16.6,1014.0,0.0,58,25,27.4,10.0,5.1,19.0,798.85,50.0,20.65,16.85,14.65,14.75,1,2,New Moon,0,2025,11,20,14,2025-11,Cool,10.05,11.2,1.2,58.0,25.0,2.32,2.2053231939163496,5.8,1.1445783132530118,1
26.2,Cloudy,15.1,1014.0,0.0,51,25,27.7,10.0,1.8,20.3,853.85,69.0,22.85,20.75,21.75,21.95,2,2,Waxing Crescent,0,2025,11,21,14,2025-11,Cool,14.65,16.6,5.1,58.0,25.0,2.04,1.9465648854961832,5.1,1.3443708609271523,1
29.0,Clear,9.7,1012.0,0.0,45,0,30.1,10.0,6.9,11.2,1009.85,63.0,30.75,24.95,23.25,23.35,2,2,Waxing Crescent,2,2025,11,22,14,2025-11,Cool,21.75,15.1,1.8,51.0,25.0,inf,1.5517241379310345,4.5,1.154639175257732,1
30.1,Clear,15.5,1013.0,0.0,52,0,32.5,10.0,6.7,17.8,864.85,53.0,32.75,25.85,24.45,24.55,2,3,Waxing Crescent,5,2025,11,23,14,2025-11,Cool,23.25,9.7,6.9,45.0,0.0,inf,1.7275747508305648,5.2,1.1483870967741936,1
31.2,Cloudy,11.9,1010.0,0.0,52,25,33.9,10.0,6.9,13.7,742.85,46.0,34.05,24.35,24.35,24.45,2,3,Waxing Crescent,10,2025,11,24,14,2025-11,Cool,24.45,15.5,6.7,52.0,0.0,2.08,1.6666666666666667,5.2,1.1512605042016806,1
28.1,Cloudy,11.9,1011.0,0.0,51,25,28.5,10.0,5.1,13.7,814.85,74.0,21.35,21.75,26.85,26.95,2,3,Waxing Crescent,17,2025,11,25,14,2025-11,Cool,24.35,11.9,6.9,52.0,25.0,2.04,1.8149466192170818,5.1,1.1512605042016806,1
29.3,Clear,10.1,1011.0,0.0,48,25,29.5,10.0,6.7,11.6,996.85,64.0,30.15,25.55,28.95,29.15,2,3,Waxing Crescent,25,2025,11,26,14,2025-11,Cool,26.85,11.9,5.1,51.0,25.0,1.92,1.6382252559726962,4.8,1.1485148514851484,1
28.3,Clear,24.1,1012.0,0.0,45,0,27.8,10.0,6.7,27.8,983.85,64.0,23.55,18.65,24.75,25.25,2,3,Waxing Crescent,34,2025,11,27,14,2025-11,Cool,28.95,10.1,6.7,48.0,25.0,inf,1.5901060070671378,4.5,1.1535269709543567,1
26.1,Clear,20.9,1012.0,0.0,30,0,25.4,10.0,6.8,24.0,782.85,76.0,23.65,22.75,20.05,20.15,2,2,First Quarter,44,2025,11,28,14,2025-11,Cool,24.75,24.1,6.7,45.0,0.0,inf,1.1494252873563218,3.0,1.1483253588516746,1
27.0,Clear,15.8,1011.0,0.0,39,0,26.5,10.0,6.9,18.2,741.85,39.0,36.35,26.75,27.25,27.55,2,3,Waxing Gibbous,54,2025,11,29,14,2025-11,Cool,20.05,20.9,6.8,30.0,0.0,inf,1.4444444444444444,3.9,1.1518987341772151,1
29.3,Clear,11.5,1010.0,0.0,40,0,28.9,10.0,7.0,13.2,828.85,47.0,32.45,20.45,23.75,23.85,2,2,Waxing Gibbous,65,2025,11,30,14,2025-11,Cool,27.25,15.8,6.9,39.0,0.0,inf,1.36518771331058,4.0,1.1478260869565218,1
31.3,Clear,9.0,1010.0,0.0,43,0,31.7,10.0,6.6,10.4,788.85,39.0,39.05,23.75,24.05,24.15,2,3,Waxing Gibbous,75,2025,12,1,14,2025-12,Cool,23.75,11.5,7.0,40.0,0.0,inf,1.3738019169329072,4.3,1.1555555555555557,1
32.1,Clear,7.9,1009.0,0.0,46,25,32.2,10.0,6.5,9.1,881.85,35.0,45.95,24.85,28.05,28.05,2,3,Waxing Gibbous,85,2025,12,2,14,2025-12,Cool,24.05,9.0,6.6,43.0,0.0,1.84,1.4330218068535825,4.6,1.1518987341772151,1
33.2,Cloudy,10.1,1011.0,0.0,49,0,35.6,10.0,6.2,11.6,942.85,23.0,73.15,30.05,38.45,38.45,2,4,Waxing Gibbous,92,2025,12,3,14,2025-12,Cool,28.05,7.9,6.5,46.0,25.0,inf,1.4759036144578312,4.9,1.1485148514851484,1
32.4,Rain,14.4,1012.0,0.01,46,0,37.2,10.0,6.1,17.9,1089.85,25.0,37.85,23.95,21.55,21.55,2,2,Waxing Gibbous,97,2025,12,4,14,2025-12,Cool,38.45,10.1,6.2,49.0,0.0,inf,1.4197530864197532,4.6,1.2430555555555554,1
29.2,Cloudy,10.8,1013.0,0.0,70,50,34.0,10.0,3.1,13.5,1082.85,35.0,37.45,24.75,23.35,23.35,2,2,Full Moon,100,2025,12,5,14,2025-12,Cool,21.55,14.4,6.1,46.0,0.0,1.4,2.397260273972603,7.0,1.25,1
32.1,Cloudy,3.6,1013.0,0.0,56,25,34.0,10.0,6.6,10.8,1155.85,21.0,46.05,27.25,22.15,22.25,2,2,Waning Gibbous,99,2025,12,6,14,2025-12,Cool,23.35,10.8,3.1,70.0,50.0,2.24,1.7445482866043613,5.6,3.0,1
32.3,Cloudy,8.6,1012.0,0.0,49,25,33.2,10.0,6.1,9.9,1337.85,16.0,49.05,25.05,23.45,23.65,2,2,Waning Gibbous,95,2025,12,7,14,2025-12,Cool,22.15,3.6,6.6,56.0,25.0,1.96,1.51702786377709,4.9,1.1511627906976745,1
30.1,Clear,18.0,1013.0,0.0,49,25,29.7,10.0,6.6,20.7,618.85,47.0,25.85,16.15,18.25,18.45,2,2,Waning Gibbous,89,2025,12,8,14,2025-12,Cool,23.45,8.6,6.1,49.0,25.0,1.96,1.627906976744186,4.9,1.15,1
30.1,Clear,8.6,1012.0,0.0,43,25,30.2,10.0,5.5,9.9,989.85,58.0,28.05,22.75,30.25,30.45,2,3,Waning Gibbous,81,2025,12,9,14,2025-12,Cool,18.25,18.0,6.6,49.0,25.0,1.72,1.4285714285714286,4.3,1.1511627906976745,1
31.3,Clear,14.0,1011.0,0.0,46,25,31.6,10.0,6.5,16.2,890.85,48.0,36.45,27.05,29.35,29.35,2,3,Waning Gibbous,72,2025,12,10,14,2025-12,Cool,30.25,8.6,5.5,43.0,25.0,1.84,1.4696485623003195,4.6,1.157142857142857,1
25.2,Cloudy,9.0,1012.0,0.0,74,75,25.8,10.0,3.7,10.4,657.85,45.0,34.45,24.85,27.75,27.95,2,3,Waning Gibbous,62,2025,12,11,14,2025-12,Cool,29.35,14.0,6.5,46.0,25.0,0.9866666666666667,2.9365079365079367,7.4,1.1555555555555557,1
29.0,Cloudy,7.2,1010.0,0.0,66,25,31.6,10.0,5.9,8.3,854.85,51.0,24.25,15.15,17.05,17.15,2,2,Last Quarter,52,2025,12,12,14,2025-12,Cool,27.75,9.0,3.7,74.0,75.0,2.64,2.2758620689655173,6.6,1.152777777777778,1
30.2,Cloudy,12.2,1010.0,0.0,66,50,31.9,10.0,6.5,14.1,679.85,31.0,34.75,24.05,22.65,22.75,2,2,Waning Crescent,42,2025,12,13,14,2025-12,Cool,17.05,7.2,5.9,66.0,25.0,1.32,2.185430463576159,6.6,1.1557377049180328,1
31.0,Cloudy,16.2,1011.0,0.0,52,25,32.5,10.0,6.6,18.6,735.85,27.0,28.35,19.55,15.45,15.65,1,2,Waning Crescent,32,2025,12,14,14,2025-12,Cool,22.65,12.2,6.5,66.0,50.0,2.08,1.6774193548387097,5.2,1.1481481481481484,1
30.2,Cloudy,9.4,1012.0,0.0,52,25,30.9,10.0,6.2,10.8,1094.85,54.0,29.45,24.65,18.45,18.45,2,2,Waning Crescent,24,2025,12,15,14,2025-12,Cool,15.45,16.2,6.6,52.0,25.0,2.08,1.7218543046357617,5.2,1.148936170212766,1
33.3,Clear,7.2,1010.0,0.0,44,25,34.5,10.0,6.2,8.3,928.85,35.0,40.85,29.25,23.35,23.35,2,2,Waning Crescent,16,2025,12,16,14,2025-12,Cool,18.45,9.4,6.2,52.0,25.0,1.76,1.3213213213213215,4.4,1.152777777777778,1
32.3,Clear,6.5,1011.0,0.0,46,25,33.2,10.0,6.1,7.5,761.85,30.0,41.75,26.25,22.25,22.35,2,2,Waning Crescent,10,2025,12,17,14,2025-12,Cool,23.35,7.2,6.2,44.0,25.0,1.84,1.4241486068111457,4.6,1.1538461538461537,1
31.4,Cloudy,10.1,1012.0,0.0,52,25,32.5,10.0,5.9,11.6,1038.85,32.0,30.55,20.05,13.65,13.75,1,2,Waning Crescent,5,2025,12,18,14,2025-12,Cool,22.25,6.5,6.1,46.0,25.0,2.08,1.6560509554140128,5.2,1.1485148514851484,1
31.4,Clear,14.8,1010.0,0.0,46,25,31.0,10.0,6.3,17.0,725.85,40.0,34.55,24.05,22.45,22.55,2,2,Waning Crescent,2,2025,12,19,14,2025-12,Cool,13.65,10.1,5.9,52.0,25.0,1.84,1.4649681528662422,4.6,1.1486486486486487,1
33.3,Clear,10.8,1009.0,0.0,36,25,32.5,10.0,6.1,12.4,778.85,28.0,46.55,27.05,25.25,25.35,2,3,New Moon,0,2025,12,20,14,2025-12,Cool,22.45,14.8,6.3,46.0,25.0,1.44,1.0810810810810811,3.6,1.1481481481481481,1
32.4,Clear,10.1,1011.0,0.0,30,25,30.7,10.0,6.1,11.6,770.85,33.0,40.65,24.35,21.45,21.65,2,2,Waxing Crescent,1,2025,12,21,14,2025-12,Cool,25.25,10.8,6.1,36.0,25.0,1.2,0.9259259259259259,3.0,1.1485148514851484,1
31.2,Clear,8.3,1009.0,0.0,49,25,31.3,10.0,6.0,9.5,865.85,27.0,35.05,23.95,18.95,19.15,2,2,Waxing Crescent,3,2025,12,22,14,2025-12,Cool,21.45,10.1,6.1,30.0,25.0,1.96,1.5705128205128205,4.9,1.1445783132530118,1
33.0,Cloudy,3.6,1008.0,0.0,47,25,33.0,10.0,5.6,10.8,728.85,13.0,48.25,28.35,26.45,26.45,2,3,Waxing Crescent,7,2025,12,23,14,2025-12,Cool,18.95,8.3,6.0,49.0,25.0,1.88,1.4242424242424243,4.7,3.0,1
31.2,Cloudy,6.8,1009.0,0.0,52,50,30.3,10.0,6.0,7.9,758.85,22.0,43.55,27.75,23.95,24.15,2,2,Waxing Crescent,12,2025,12,24,14,2025-12,Cool,26.45,3.6,5.6,47.0,25.0,1.04,1.6666666666666667,5.2,1.161764705882353,1
33.1,Clear,11.5,1009.0,0.0,39,25,32.7,10.0,6.2,13.2,796.85,24.0,50.25,28.05,26.45,26.65,2,3,Waxing Crescent,20,2025,12,25,14,2025-12,Cool,23.95,6.8,6.0,52.0,50.0,1.56,1.1782477341389728,3.9,1.1478260869565218,1
30.1,Cloudy,14.4,1010.0,0.0,52,25,30.3,10.0,6.3,16.6,687.85,56.0,18.65,13.95,8.85,8.85,1,1,Waxing Crescent,28,2025,12,26,14,2025-12,Cool,26.45,11.5,6.2,39.0,25.0,2.08,1.7275747508305648,5.2,1.152777777777778,1
31.3,Clear,7.9,1011.0,0.0,49,25,31.4,10.0,5.9,9.1,857.85,45.0,33.35,25.95,24.35,24.45,2,3,Waxing Crescent,38,2025,12,27,14,2025-12,Cool,8.85,14.4,6.3,52.0,25.0,1.96,1.5654952076677315,4.9,1.1518987341772151,1
32.2,Clear,9.4,1011.0,0.0,38,25,32.3,10.0,6.3,10.8,796.85,34.0,36.35,24.55,21.65,21.65,2,2,First Quarter,49,2025,12,28,14,2025-12,Cool,24.35,7.9,5.9,49.0,25.0,1.52,1.1801242236024843,3.8,1.148936170212766,1
32.1,Clear,5.8,1011.0,0.0,41,0,31.9,10.0,6.0,6.6,952.85,40.0,37.35,20.95,21.45,21.55,2,2,Waxing Gibbous,60,2025,12,29,14,2025-12,Cool,21.65,9.4,6.3,38.0,25.0,inf,1.277258566978193,4.1,1.1379310344827587,1
31.4,Clear,4.0,1010.0,0.0,41,0,30.3,10.0,6.1,4.6,2967.85,30.0,52.05,22.05,32.75,32.75,2,3,Waxing Gibbous,71,2025,12,30,14,2025-12,Cool,21.45,5.8,6.0,41.0,0.0,inf,1.3057324840764333,4.1,1.15,1
32.3,Clear,3.6,1008.0,0.0,38,0,31.4,10.0,6.0,10.8,3094.85,19.0,65.95,28.75,42.75,42.85,3,5,Waxing Gibbous,81,2025,12,31,14,2025-12,Cool,32.75,4.0,6.1,41.0,0.0,inf,1.1764705882352942,3.8,3.0,1
32.3,Clear,5.0,1011.0,0.0,41,25,31.9,10.0,5.7,5.8,2528.85,31.0,51.55,26.75,44.35,44.55,3,5,Waxing Gibbous,89,2026,1,1,14,2026-01,Cool,42.75,3.6,6.0,38.0,0.0,1.64,1.2693498452012384,4.1,1.16,1
30.1,Clear,14.0,1012.0,0.0,43,0,28.5,10.0,6.2,16.2,859.85,54.0,28.35,16.05,15.85,15.95,2,2,Waxing Gibbous,96,2026,1,2,14,2026-01,Cool,44.35,5.0,5.7,41.0,25.0,inf,1.4285714285714286,4.3,1.157142857142857,1
30.3,Clear,14.0,1014.0,0.0,46,0,29.7,10.0,6.6,16.2,828.85,58.0,22.45,15.25,16.05,16.35,2,2,Full Moon,99,2026,1,3,14,2026-01,Cool,15.85,14.0,6.2,43.0,0.0,inf,1.518151815181518,4.6,1.157142857142857,1
29.0,Clear,10.8,1014.0,0.0,45,25,28.2,10.0,6.5,12.4,1018.85,36.0,40.25,22.15,22.65,22.75,2,2,Waning Gibbous,100,2026,1,4,14,2026-01,Cool,16.05,14.0,6.6,46.0,0.0,1.8,1.5517241379310345,4.5,1.1481481481481481,1
31.0,Clear,8.6,1013.0,0.0,36,25,30.4,10.0,6.2,9.9,1007.85,44.0,38.05,23.05,23.05,23.35,2,2,Waning Gibbous,98,2026,1,5,14,2026-01,Cool,22.65,10.8,6.5,45.0,25.0,1.44,1.1612903225806452,3.6,1.1511627906976745,1
30.2,Clear,11.9,1013.0,0.0,46,0,29.4,10.0,6.1,13.7,785.85,40.0,33.45,20.65,18.15,18.45,2,2,Waning Gibbous,93,2026,1,6,14,2026-01,Cool,23.05,8.6,6.2,36.0,25.0,inf,1.5231788079470199,4.6,1.1512605042016806,1
29.0,Clear,12.2,1015.0,0.0,43,0,28.5,10.0,6.5,14.1,916.85,70.0,16.95,13.15,12.15,12.25,1,2,Waning Gibbous,86,2026,1,7,14,2026-01,Cool,18.15,11.9,6.1,46.0,0.0,inf,1.4827586206896552,4.3,1.1557377049180328,1
27.1,Clear,7.6,1017.0,0.0,39,0,26.1,10.0,6.5,8.7,1062.85,71.0,20.15,16.55,20.25,20.45,2,2,Waning Gibbous,78,2026,1,8,14,2026-01,Cool,12.15,12.2,6.5,43.0,0.0,inf,1.4391143911439113,3.9,1.144736842105263,1
26.3,Clear,4.7,1015.0,0.0,42,0,25.3,10.0,6.4,5.4,908.85,60.0,26.15,20.95,25.25,25.45,2,3,Waning Gibbous,69,2026,1,9,14,2026-01,Cool,20.25,7.6,6.5,39.0,0.0,inf,1.5969581749049429,4.2,1.148936170212766,1
28.1,Clear,3.6,1014.0,0.0,28,0,26.4,10.0,6.1,4.1,912.85,38.0,41.55,27.25,28.35,28.55,2,3,Last Quarter,59,2026,1,10,14,2026-01,Cool,25.25,4.7,6.4,42.0,0.0,inf,0.9964412811387899,2.8,1.1388888888888888,1
27.4,Clear,9.0,1017.0,0.0,34,25,25.9,10.0,6.5,10.4,1142.85,40.0,39.25,23.75,23.95,24.15,2,2,Waning Crescent,50,2026,1,11,14,2026-01,Cool,28.35,3.6,6.1,28.0,0.0,1.36,1.2408759124087592,3.4,1.1555555555555557,1
29.4,Clear,6.8,1015.0,0.0,37,0,28.3,10.0,6.3,7.9,846.85,47.0,36.15,25.55,27.95,28.25,2,3,Waning Crescent,40,2026,1,12,14,2026-01,Cool,23.95,9.0,6.5,34.0,25.0,inf,1.2585034013605443,3.7,1.161764705882353,1
30.1,Clear,4.0,1013.0,0.0,40,0,28.9,10.0,6.3,4.6,947.85,26.0,61.85,27.65,38.65,38.85,2,4,Waning Crescent,31,2026,1,13,14,2026-01,Cool,27.95,6.8,6.3,37.0,0.0,inf,1.3289036544850499,4.0,1.15,1
31.4,Clear,9.7,1011.0,0.0,41,25,30.5,10.0,6.4,11.2,1010.85,31.0,47.45,21.65,32.35,32.55,2,3,Waning Crescent,23,2026,1,14,14,2026-01,Cool,38.65,4.0,6.3,40.0,0.0,1.64,1.3057324840764333,4.1,1.154639175257732,1
32.0,Clear,14.0,1011.0,0.0,41,25,32.8,10.0,6.6,16.2,1646.85,30.0,75.15,47.15,69.05,69.05,4,9,Waning Crescent,15,2026,1,15,14,2026-01,Cool,32.35,9.7,6.4,41.0,25.0,1.64,1.28125,4.1,1.157142857142857,1
32.2,Clear,17.6,1009.0,0.0,46,25,32.9,9.0,6.8,20.3,2777.85,91.0,33.85,21.45,43.65,43.85,3,5,Waning Crescent,9,2026,1,16,14,2026-01,Cool,69.05,14.0,6.6,41.0,25.0,1.84,1.4285714285714284,5.111111111111111,1.1534090909090908,1
31.1,Cloudy,10.1,1008.0,0.0,49,50,31.4,9.0,6.8,11.6,1557.85,84.0,17.45,9.55,25.75,26.15,2,3,Waning Crescent,4,2026,1,17,14,2026-01,Cool,43.65,17.6,6.8,46.0,25.0,0.98,1.5755627009646302,5.444444444444445,1.1485148514851484,1
32.4,Clear,14.0,1008.0,0.0,46,25,33.3,10.0,6.3,16.2,1095.35,59.0,29.15,15.45,28.05,28.45,2,3,New Moon,1,2026,1,18,14,2026-01,Cool,25.75,10.1,6.8,49.0,50.0,1.84,1.4197530864197532,4.6,1.157142857142857,1
32.4,Clear,12.2,1010.0,0.0,46,25,33.1,10.0,7.3,14.1,1400.85,87.0,10.85,6.95,26.55,27.65,2,3,Waxing Crescent,1,2026,1,20,14,2026-01,Cool,28.05,14.0,6.3,46.0,25.0,1.84,1.4197530864197532,4.6,1.1557377049180328,1
32.1,Cloudy,14.0,1012.0,0.0,46,25,32.5,10.0,3.6,16.2,2479.85,52.0,22.85,13.55,29.15,30.15,2,3,Waxing Crescent,4,2026,1,21,14,2026-01,Cool,26.55,12.2,7.3,46.0,25.0,1.84,1.4330218068535825,4.6,1.157142857142857,1
32.1,Clear,13.3,1014.0,0.0,34,25,31.2,10.0,5.8,15.3,1155.85,29.0,55.85,26.35,51.15,51.65,3,6,Waxing Crescent,8,2026,1,22,14,2026-01,Cool,29.15,14.0,3.6,46.0,25.0,1.36,1.0591900311526479,3.4,1.150375939849624,1
31.1,Clear,14.0,1015.0,0.0,29,25,29.7,10.0,7.0,16.2,996.85,51.0,25.45,14.75,17.05,17.35,2,2,Waxing Crescent,15,2026,1,23,14,2026-01,Cool,51.15,13.3,5.8,34.0,25.0,1.16,0.932475884244373,2.9,1.157142857142857,1
31.1,Clear,8.6,1016.0,0.0,36,25,29.9,10.0,6.9,9.9,1264.85,46.0,33.95,18.65,20.65,20.85,2,2,Waxing Crescent,24,2026,1,24,14,2026-01,Cool,17.05,14.0,7.0,29.0,25.0,1.44,1.157556270096463,3.6,1.1511627906976745,1
31.3,Clear,7.9,1013.0,0.0,33,25,29.9,10.0,6.6,9.1,1925.85,38.0,44.85,19.55,27.75,27.95,2,3,Waxing Crescent,34,2026,1,25,14,2026-01,Cool,20.65,8.6,6.9,36.0,25.0,1.32,1.0543130990415335,3.3,1.1518987341772151,1
31.0,Clear,3.6,1014.0,0.0,38,25,29.9,10.0,5.8,3.7,2838.85,15.0,88.75,33.45,55.05,55.55,3,7,First Quarter,44,2026,1,26,14,2026-01,Cool,27.75,7.9,6.6,33.0,25.0,1.52,1.2258064516129032,3.8,1.027777777777778,1
32.2,Clear,8.3,1014.0,0.0,32,0,31.0,10.0,6.1,9.5,2242.85,36.0,63.05,25.95,43.65,44.05,3,5,Waxing Gibbous,56,2026,1,27,14,2026-01,Cool,55.05,3.6,5.8,38.0,25.0,inf,0.9937888198757763,3.2,1.1445783132530118,1
32.2,Clear,10.1,1014.0,0.0,30,25,30.6,10.0,6.7,11.6,2324.85,41.0,43.45,18.35,26.45,26.55,2,3,Waxing Gibbous,67,2026,1,28,14,2026-01,Cool,43.65,8.3,6.1,32.0,0.0,1.2,0.9316770186335402,3.0,1.1485148514851484,1
32.2,Cloudy,8.6,1013.0,0.0,32,25,32.0,10.0,6.2,9.9,2455.85,32.0,46.55,20.75,29.55,30.05,2,3,Waxing Gibbous,77,2026,1,29,14,2026-01,Cool,26.45,10.1,6.7,30.0,25.0,1.28,0.9937888198757763,3.2,1.1511627906976745,1
33.2,Cloudy,8.6,1013.0,0.0,39,25,33.9,10.0,6.0,9.9,995.85,84.0,16.05,10.65,33.95,34.85,2,3,Waxing Gibbous,86,2026,1,30,14,2026-01,Cool,29.55,8.6,6.2,32.0,25.0,1.56,1.1746987951807228,3.9,1.1511627906976745,1
32.0,Cloudy,4.7,1014.0,0.0,46,25,31.9,10.0,6.0,5.4,1341.85,66.0,16.55,9.65,31.35,32.05,2,3,Waxing Gibbous,93,2026,1,31,14,2026-01,Cool,33.95,8.6,6.0,39.0,25.0,1.84,1.4375,4.6,1.148936170212766,1
32.3,Clear,11.2,1015.0,0.0,38,25,31.3,10.0,7.3,12.9,1932.85,44.0,48.35,20.35,31.55,32.55,2,3,Waxing Gibbous,98,2026,2,1,14,2026-02,Cool,31.35,4.7,6.0,46.0,25.0,1.52,1.1764705882352942,3.8,1.1517857142857144,1
31.3,Clear,15.5,1014.0,0.0,41,25,29.9,10.0,7.2,17.8,965.85,57.0,25.45,14.85,22.45,22.95,2,2,Full Moon,100,2026,2,2,14,2026-02,Cool,31.55,11.2,7.3,38.0,25.0,1.64,1.3099041533546325,4.1,1.1483870967741936,1
31.1,Cloudy,15.8,1015.0,0.0,46,25,30.3,10.0,7.0,18.2,878.85,61.0,19.35,12.25,15.65,15.75,2,2,Waning Gibbous,99,2026,2,3,14,2026-02,Cool,22.45,15.5,7.2,41.0,25.0,1.84,1.4790996784565915,4.6,1.1518987341772151,1
32.1,Cloudy,7.6,1014.0,0.0,41,50,31.7,10.0,6.9,8.7,1013.85,34.0,39.75,22.05,28.45,28.65,2,3,Waning Gibbous,96,2026,2,4,14,2026-02,Cool,15.65,15.8,7.0,46.0,25.0,0.82,1.277258566978193,4.1,1.144736842105263,1
33.4,Clear,5.0,1012.0,0.0,39,25,33.0,10.0,6.7,5.8,1577.85,19.0,82.95,37.75,48.95,49.05,3,6,Waning Gibbous,91,2026,2,5,14,2026-02,Cool,28.45,7.6,6.9,41.0,50.0,1.56,1.1676646706586826,3.9,1.16,1
34.3,Clear,14.8,1011.0,0.0,41,25,36.9,10.0,9.6,17.0,1017.85,79.0,13.75,8.55,23.05,23.45,2,2,Waning Gibbous,84,2026,2,6,13,2026-02,Cool,48.95,5.0,6.7,39.0,25.0,1.64,1.1953352769679302,4.1,1.1486486486486487,1
35.3,Cloudy,19.1,1010.0,0.0,47,50,40.1,10.0,9.7,22.0,895.85,63.0,12.35,6.25,14.75,17.05,1,2,Waning Gibbous,76,2026,2,7,13,2026-02,Cool,23.05,14.8,9.6,41.0,25.0,0.94,1.331444759206799,4.7,1.1518324607329842,1
32.3,Cloudy,11.9,1011.0,0.0,56,50,33.5,10.0,9.2,13.7,655.85,73.0,7.15,4.55,14.05,16.55,1,2,Waning Gibbous,67,2026,2,8,13,2026-02,Cool,14.75,19.1,9.7,47.0,50.0,1.12,1.73374613003096,5.6,1.1512605042016806,1
31.1,Cloudy,14.8,1012.0,0.0,43,25,30.6,10.0,9.3,19.2,780.85,41.0,38.15,20.35,30.05,30.25,2,3,Last Quarter,58,2026,2,9,13,2026-02,Cool,14.05,11.9,9.2,56.0,50.0,1.72,1.382636655948553,4.3,1.2972972972972971,1
33.3,Clear,5.4,1012.0,0.0,41,25,32.8,10.0,7.4,6.2,1896.85,28.0,60.95,25.55,44.55,44.75,3,5,Waning Crescent,48,2026,2,10,15,2026-02,Cool,30.05,14.8,9.3,43.0,25.0,1.64,1.2312312312312312,4.1,1.1481481481481481,1
34.0,Clear,7.2,1013.0,0.0,34,25,33.5,10.0,8.8,8.3,2251.85,15.0,81.75,26.95,45.25,45.35,3,5,Waning Crescent,39,2026,2,11,13,2026-02,Cool,44.55,5.4,7.4,41.0,25.0,1.36,1.0,3.4,1.152777777777778,1
34.3,Cloudy,13.3,1012.0,0.0,44,25,35.6,10.0,8.9,15.3,2811.85,55.0,63.85,25.15,52.05,52.85,3,6,Waning Crescent,30,2026,2,12,13,2026-02,Cool,45.25,7.2,8.8,34.0,25.0,1.76,1.282798833819242,4.4,1.150375939849624,1
35.1,Cloudy,14.8,1011.0,0.0,44,50,37.2,10.0,6.9,17.0,1736.85,74.0,16.25,8.65,28.15,28.85,2,3,Waning Crescent,22,2026,2,13,15,2026-02,Cool,52.05,13.3,8.9,44.0,25.0,0.88,1.2535612535612535,4.4,1.1486486486486487,1
34.4,Cloudy,14.8,1010.0,0.0,47,25,35.4,10.0,7.0,17.0,1780.85,80.0,14.35,7.85,22.65,23.95,2,2,Waning Crescent,14,2026,2,14,15,2026-02,Cool,28.15,14.8,6.9,44.0,50.0,1.88,1.3662790697674418,4.7,1.1486486486486487,1
33.3,Cloudy,15.5,1009.0,0.0,49,50,35.7,10.0,9.3,17.8,827.85,75.0,11.45,6.35,23.65,25.45,2,2,Waning Crescent,8,2026,2,15,13,2026-02,Cool,22.65,14.8,7.0,47.0,25.0,0.98,1.4714714714714716,4.9,1.1483870967741936,1
34.3,Cloudy,14.4,1009.0,0.0,44,50,36.5,10.0,9.0,16.6,1371.85,55.0,20.65,9.15,29.85,30.45,2,3,Waning Crescent,4,2026,2,16,13,2026-02,Cool,23.65,15.5,9.3,49.0,50.0,0.88,1.282798833819242,4.4,1.152777777777778,1
34.1,Cloudy,11.2,1009.0,0.0,50,25,34.9,10.0,8.9,12.9,659.85,81.0,8.85,5.35,20.95,22.95,2,2,New Moon,1,2026,2,17,13,2026-02,Cool,29.85,14.4,9.0,44.0,50.0,2.0,1.466275659824047,5.0,1.1517857142857144,1
32.3,Cloudy,11.5,1012.0,0.0,49,25,32.6,10.0,9.7,17.1,926.85,49.0,21.85,12.25,23.05,25.15,2,2,Waxing Crescent,0,2026,2,18,13,2026-02,Cool,20.95,11.2,8.9,50.0,25.0,1.96,1.51702786377709,4.9,1.4869565217391305,1
34.1,Clear,18.0,1013.0,0.0,39,25,34.2,10.0,10.3,21.6,1613.85,27.0,34.25,16.15,24.75,25.05,2,3,Waxing Crescent,2,2026,2,19,13,2026-02,Cool,23.05,11.5,9.7,49.0,25.0,1.56,1.1436950146627565,3.9,1.2000000000000002,1
34.2,Clear,9.4,1013.0,0.0,41,25,34.2,10.0,8.2,10.8,1176.85,35.0,33.15,16.95,24.15,24.35,2,3,Waxing Crescent,6,2026,2,20,14,2026-02,Cool,24.75,18.0,10.3,39.0,25.0,1.64,1.198830409356725,4.1,1.148936170212766,1
35.2,Clear,11.5,1008.0,0.0,39,25,36.2,10.0,10.3,13.2,1520.85,7.0,69.55,40.15,51.45,52.35,3,6,Waxing Crescent,12,2026,2,21,13,2026-02,Cool,24.15,9.4,8.2,41.0,25.0,1.56,1.1079545454545454,3.9,1.1478260869565218,1
35.2,Clear,16.9,1007.0,0.0,44,25,40.2,10.0,10.1,19.5,764.85,80.0,9.95,5.95,19.55,20.55,2,2,Waxing Crescent,20,2026,2,22,13,2026-02,Cool,51.45,11.5,10.3,39.0,25.0,1.76,1.25,4.4,1.153846153846154,1
34.3,Clear,15.1,1007.0,0.0,50,25,36.0,10.0,10.1,17.9,1093.85,63.0,18.45,10.15,33.95,35.05,2,3,Waxing Crescent,30,2026,2,23,13,2026-02,Cool,19.55,16.9,10.1,44.0,25.0,2.0,1.457725947521866,5.0,1.1854304635761588,1
34.3,Cloudy,20.5,1008.0,0.0,56,50,38.1,10.0,9.9,23.6,595.85,91.0,7.75,4.25,17.05,19.05,2,2,First Quarter,41,2026,2,24,13,2026-02,Cool,33.95,15.1,10.1,50.0,25.0,1.12,1.6326530612244898,5.6,1.151219512195122,1
30.1,Cloudy,15.8,1008.0,0.0,75,50,30.8,10.0,9.0,18.2,672.85,72.0,8.55,4.45,22.75,25.45,2,2,Waxing Gibbous,52,2026,2,25,13,2026-02,Cool,17.05,20.5,9.9,56.0,50.0,1.5,2.491694352159468,7.5,1.1518987341772151,1
34.2,Cloudy,14.0,1007.0,0.0,50,25,36.6,10.0,10.6,16.2,842.85,55.0,13.05,5.45,25.65,27.85,2,3,Waxing Gibbous,63,2026,2,26,13,2026-02,Cool,22.75,15.8,9.0,75.0,50.0,2.0,1.461988304093567,5.0,1.157142857142857,1
34.3,Cloudy,6.5,1007.0,0.0,44,25,35.2,10.0,10.6,7.5,1002.85,51.0,21.95,11.45,38.25,38.95,2,4,Waxing Gibbous,74,2026,2,27,13,2026-02,Cool,25.65,14.0,10.6,50.0,25.0,1.76,1.282798833819242,4.4,1.1538461538461537,1
34.1,Cloudy,9.4,1006.0,0.0,50,50,35.3,10.0,9.6,10.8,686.85,46.0,17.15,7.15,28.25,28.65,2,3,Waxing Gibbous,83,2026,2,28,14,2026-02,Cool,38.25,6.5,10.6,44.0,25.0,1.0,1.466275659824047,5.0,1.148936170212766,1
35.3,Clear,10.1,1008.0,0.0,42,25,35.7,10.0,11.9,11.6,629.85,39.0,12.45,5.35,13.55,14.65,1,2,Waxing Gibbous,91,2026,3,1,13,2026-03,Hot,28.25,9.4,9.6,50.0,50.0,1.68,1.189801699716714,4.2,1.1485148514851484,1
35.3,Clear,6.1,1009.0,0.0,39,25,36.3,10.0,11.7,7.1,929.85,49.0,13.95,6.65,18.75,20.15,2,2,Waxing Gibbous,96,2026,3,2,13,2026-03,Hot,13.55,10.1,11.9,42.0,25.0,1.56,1.104815864022663,3.9,1.1639344262295082,1
36.3,Clear,7.2,1009.0,0.0,29,25,35.7,10.0,11.9,8.3,933.85,62.0,14.35,5.65,22.55,23.45,2,2,Full Moon,99,2026,3,3,13,2026-03,Hot,18.75,6.1,11.7,39.0,25.0,1.16,0.7988980716253444,2.9,1.152777777777778,1
36.4,Clear,7.2,1009.0,0.0,22,25,37.4,9.0,11.8,8.3,577.85,61.0,12.75,5.35,24.95,26.85,2,3,Waning Gibbous,100,2026,3,4,13,2026-03,Hot,22.55,7.2,11.9,29.0,25.0,0.88,0.6043956043956045,2.4444444444444446,1.152777777777778,1
34.2,Clear,8.6,1009.0,0.0,39,25,34.6,10.0,11.8,9.9,651.85,86.0,11.95,5.35,22.65,25.05,2,2,Waning Gibbous,98,2026,3,5,13,2026-03,Hot,24.95,7.2,11.8,22.0,25.0,1.56,1.1403508771929824,3.9,1.1511627906976745,1
34.3,Rain,12.6,1010.0,0.01,44,25,35.6,10.0,7.0,14.5,637.85,55.0,18.15,9.65,26.55,27.95,2,3,Waning Gibbous,95,2026,3,6,13,2026-03,Hot,22.65,8.6,11.8,39.0,25.0,1.76,1.282798833819242,4.4,1.150793650793651,1
33.3,Clear,8.6,1012.0,0.0,47,25,33.1,10.0,9.0,9.9,981.85,25.0,41.35,22.85,40.05,40.85,2,4,Waning Gibbous,89,2026,3,7,13,2026-03,Hot,26.55,12.6,7.0,44.0,25.0,1.88,1.4114114114114116,4.7,1.1511627906976745,1
35.3,Cloudy,9.7,1010.0,0.0,37,25,36.0,10.0,10.3,11.2,1588.85,35.0,58.25,30.05,56.65,56.95,3,7,Waning Gibbous,82,2026,3,8,13,2026-03,Hot,40.05,8.6,9.0,47.0,25.0,1.48,1.048158640226629,3.7,1.154639175257732,1
35.3,Clear,12.6,1012.0,0.0,32,25,35.1,10.0,9.4,14.5,1878.85,69.0,50.95,24.05,50.25,51.05,3,6,Waning Gibbous,74,2026,3,9,14,2026-03,Hot,56.65,9.7,10.3,37.0,25.0,1.28,0.906515580736544,3.2,1.150793650793651,1
35.4,Clear,16.2,1013.0,0.0,39,25,35.2,10.0,9.7,18.6,596.85,63.0,15.65,9.65,13.45,13.85,1,2,Waning Gibbous,66,2026,3,10,14,2026-03,Hot,50.25,12.6,9.4,32.0,25.0,1.56,1.1016949152542372,3.9,1.1481481481481484,1
34.2,Clear,11.2,1012.0,0.0,39,25,33.9,10.0,12.2,12.9,908.85,62.0,24.85,15.05,19.35,19.35,2,2,Last Quarter,57,2026,3,11,13,2026-03,Hot,13.45,16.2,9.7,39.0,25.0,1.56,1.1403508771929824,3.9,1.1517857142857144,1
32.3,Cloudy,11.5,1011.0,0.0,49,50,31.3,9.0,5.9,15.6,1303.85,68.0,42.55,26.45,44.55,44.85,3,5,Waning Crescent,47,2026,3,12,13,2026-03,Hot,19.35,11.2,12.2,39.0,25.0,0.98,1.51702786377709,5.444444444444445,1.3565217391304347,1
32.1,Cloudy,14.8,1012.0,0.0,49,25,31.6,10.0,10.7,18.3,622.85,53.0,30.15,17.95,32.95,33.55,2,3,Waning Crescent,38,2026,3,13,13,2026-03,Hot,44.55,11.5,5.9,49.0,50.0,1.96,1.5264797507788161,4.9,1.2364864864864864,1
32.2,Clear,10.4,1013.0,0.0,46,25,31.5,10.0,10.9,12.0,2005.85,53.0,29.35,15.95,38.85,39.85,2,4,Waning Crescent,29,2026,3,14,13,2026-03,Hot,32.95,14.8,10.7,49.0,25.0,1.84,1.4285714285714284,4.6,1.1538461538461537,1
34.1,Clear,9.0,1013.0,0.0,39,25,34.1,10.0,11.3,10.7,841.85,31.0,57.95,25.85,49.75,50.75,3,6,Waning Crescent,20,2026,3,15,13,2026-03,Hot,38.85,10.4,10.9,46.0,25.0,1.56,1.1436950146627565,3.9,1.1888888888888889,1
32.3,Thunder,5.4,1011.0,0.0,49,50,32.0,10.0,10.3,6.5,1512.85,49.0,53.45,30.65,55.25,57.15,3,7,Waning Crescent,13,2026,3,16,13,2026-03,Hot,49.75,9.0,11.3,39.0,25.0,0.98,1.51702786377709,4.9,1.2037037037037037,1
26.4,Thunder,15.8,1012.0,0.02,79,50,26.2,8.0,11.1,18.7,711.85,82.0,14.75,7.25,18.45,19.25,2,2,Waning Crescent,7,2026,3,17,13,2026-03,Hot,55.25,5.4,10.3,49.0,50.0,1.58,2.9924242424242427,9.875,1.1835443037974682,1
34.1,Cloudy,20.2,1011.0,0.0,50,25,37.6,10.0,11.7,25.4,715.85,72.0,10.35,5.15,12.35,13.65,1,2,Waning Crescent,2,2026,3,18,13,2026-03,Hot,18.45,15.8,11.1,79.0,50.0,2.0,1.466275659824047,5.0,1.2574257425742574,1
34.0,Clear,18.7,1011.0,0.0,50,25,36.9,10.0,11.4,21.5,821.85,71.0,13.85,7.75,15.75,17.85,2,2,New Moon,0,2026,3,19,13,2026-03,Hot,12.35,20.2,11.7,50.0,25.0,2.0,1.4705882352941178,5.0,1.1497326203208558,1
33.2,Cloudy,20.5,1011.0,0.0,53,50,35.8,10.0,11.4,23.6,831.85,71.0,10.05,5.05,20.25,22.75,2,2,Waxing Crescent,1,2026,3,20,13,2026-03,Hot,15.75,18.7,11.4,50.0,25.0,1.06,1.5963855421686746,5.3,1.151219512195122,1
34.2,Cloudy,20.2,1011.0,0.0,50,50,37.5,10.0,12.0,23.2,604.85,75.0,8.25,4.15,16.75,20.15,2,2,Waxing Crescent,4,2026,3,21,13,2026-03,Hot,20.25,20.5,11.4,53.0,50.0,1.0,1.461988304093567,5.0,1.1485148514851484,1
34.1,Clear,19.8,1011.0,0.0,50,25,36.5,10.0,11.8,23.0,735.85,79.0,9.35,4.65,18.75,21.65,2,2,Waxing Crescent,9,2026,3,22,13,2026-03,Hot,16.75,20.2,12.0,50.0,50.0,2.0,1.466275659824047,5.0,1.1616161616161615,1
35.3,Cloudy,20.2,1010.0,0.0,53,50,40.3,10.0,11.9,25.0,803.85,84.0,8.75,4.35,16.25,17.95,2,2,Waxing Crescent,17,2026,3,23,13,2026-03,Hot,18.75,19.8,11.8,50.0,25.0,1.06,1.501416430594901,5.3,1.2376237623762376,1
35.2,Cloudy,22.7,1008.0,0.0,50,50,40.7,10.0,11.5,26.1,582.85,66.0,8.45,4.35,13.65,15.75,1,2,Waxing Crescent,27,2026,3,24,13,2026-03,Hot,16.25,20.2,11.9,53.0,50.0,1.0,1.4204545454545454,5.0,1.1497797356828194,1
35.2,Clear,19.8,1009.0,0.0,47,25,39.2,10.0,11.0,22.8,508.85,70.0,8.95,4.85,15.65,18.05,2,2,Waxing Crescent,38,2026,3,25,13,2026-03,Hot,13.65,22.7,11.5,50.0,50.0,1.88,1.3352272727272727,4.7,1.1515151515151516,1
36.2,Clear,19.4,1009.0,0.0,47,25,41.0,10.0,11.4,22.4,534.85,69.0,11.15,5.55,19.55,21.55,2,2,First Quarter,49,2026,3,26,13,2026-03,Hot,15.65,19.8,11.0,47.0,25.0,1.88,1.298342541436464,4.7,1.154639175257732,1
36.0,Clear,21.2,1008.0,0.0,47,25,40.4,10.0,11.6,24.4,485.85,73.0,8.05,4.45,18.65,21.65,2,2,Waxing Gibbous,60,2026,3,27,13,2026-03,Hot,19.55,19.4,11.4,47.0,25.0,1.88,1.3055555555555556,4.7,1.150943396226415,1
35.3,Cloudy,20.5,1008.0,0.0,50,50,39.6,10.0,12.5,23.6,526.85,86.0,6.65,4.35,21.85,25.05,2,2,Waxing Gibbous,71,2026,3,28,13,2026-03,Hot,18.65,21.2,11.6,47.0,25.0,1.0,1.41643059490085,5.0,1.151219512195122,1
34.1,Cloudy,16.6,1010.0,0.0,53,50,38.3,10.0,12.6,20.2,495.85,76.0,7.05,4.05,18.55,21.65,2,2,Waxing Gibbous,80,2026,3,29,13,2026-03,Hot,21.85,20.5,12.5,50.0,50.0,1.06,1.5542521994134897,5.3,1.2168674698795179,1
33.2,Cloudy,23.0,1009.0,0.0,53,25,35.7,10.0,12.8,26.5,519.85,66.0,7.95,3.95,13.65,16.65,1,2,Waxing Gibbous,88,2026,3,30,13,2026-03,Hot,18.55,16.6,12.6,53.0,50.0,2.12,1.5963855421686746,5.3,1.1521739130434783,1
36.2,Clear,16.9,1010.0,0.0,42,25,40.8,10.0,12.2,19.5,778.85,60.0,8.75,4.45,10.75,12.95,1,1,Waxing Gibbous,94,2026,3,31,13,2026-03,Hot,13.65,23.0,12.8,53.0,25.0,1.68,1.160220994475138,4.2,1.153846153846154,1
36.2,Clear,19.1,1009.0,0.0,47,25,41.1,9.0,11.8,22.0,752.85,64.0,8.75,4.65,12.85,14.75,1,2,Waxing Gibbous,98,2026,4,1,13,2026-04,Hot,10.75,16.9,12.2,42.0,25.0,1.88,1.298342541436464,5.222222222222222,1.1518324607329842,1
37.0,Clear,23.0,1010.0,0.0,40,25,43.2,10.0,12.0,26.5,551.85,76.0,8.65,4.55,15.35,17.35,1,2,Full Moon,100,2026,4,2,13,2026-04,Hot,12.85,19.1,11.8,47.0,25.0,1.6,1.0810810810810811,4.0,1.1521739130434783,1
35.3,Clear,24.1,1008.0,0.0,50,25,40.3,10.0,12.0,27.8,444.85,70.0,5.85,3.45,17.25,20.85,2,2,Waning Gibbous,100,2026,4,3,13,2026-04,Hot,15.35,23.0,12.0,40.0,25.0,2.0,1.41643059490085,5.0,1.1535269709543567,1
36.2,Clear,19.8,1007.0,0.0,45,25,40.5,10.0,11.3,22.8,482.85,59.0,9.55,4.75,20.45,23.25,2,2,Waning Gibbous,97,2026,4,4,13,2026-04,Hot,17.25,24.1,12.0,50.0,25.0,1.8,1.2430939226519335,4.5,1.1515151515151516,1
37.2,Clear,18.7,1007.0,0.0,29,25,40.1,10.0,11.6,21.5,562.85,53.0,12.15,5.25,27.15,31.35,2,3,Waning Gibbous,93,2026,4,5,13,2026-04,Hot,20.45,19.8,11.3,45.0,25.0,1.16,0.7795698924731183,2.9,1.1497326203208558,1
37.4,Clear,18.4,1009.0,0.0,35,25,38.5,10.0,11.6,21.1,488.85,60.0,10.55,5.25,26.55,31.35,2,3,Waning Gibbous,88,2026,4,6,13,2026-04,Hot,27.15,18.7,11.6,29.0,25.0,1.4,0.9358288770053477,3.5,1.1467391304347827,1
36.3,Clear,13.0,1009.0,0.0,42,25,36.1,10.0,11.1,14.9,377.85,51.0,14.15,8.25,25.15,28.85,2,3,Waning Gibbous,81,2026,4,7,13,2026-04,Hot,26.55,18.4,11.6,35.0,25.0,1.68,1.15702479338843,4.2,1.146153846153846,1
38.1,Clear,18.4,1009.0,0.0,38,25,40.1,10.0,0.0,24.1,929.85,127.0,60.75,18.25,38.45,42.75,2,4,Waning Gibbous,73,2026,4,8,13,2026-04,Hot,25.15,13.0,11.1,42.0,25.0,1.52,0.9973753280839894,3.8,1.3097826086956523,1
37.2,Clear,20.2,1010.0,0.0,45,25,40.7,10.0,12.4,23.2,899.85,46.0,12.95,6.25,20.65,22.35,2,2,Waning Gibbous,64,2026,4,9,13,2026-04,Hot,38.45,18.4,0.0,38.0,25.0,1.8,1.2096774193548385,4.5,1.1485148514851484,1
37.2,Clear,20.9,1009.0,0.0,48,25,41.2,10.0,12.4,24.0,575.85,51.0,9.15,4.55,13.35,14.95,1,2,Last Quarter,55,2026,4,10,13,2026-04,Hot,20.65,20.2,12.4,45.0,25.0,1.92,1.2903225806451613,4.8,1.1483253588516746,1
38.1,Clear,18.7,1009.0,0.0,24,25,41.4,10.0,12.5,21.5,452.85,46.0,12.65,6.45,17.45,18.65,2,2,Waning Crescent,45,2026,4,11,13,2026-04,Hot,13.35,20.9,12.4,48.0,25.0,0.96,0.6299212598425197,2.4,1.1497326203208558,1
38.2,Clear,19.1,1007.0,0.0,31,25,41.6,10.0,11.9,22.0,566.85,54.0,10.75,5.25,19.85,22.15,2,2,Waning Crescent,35,2026,4,12,13,2026-04,Hot,17.45,18.7,12.5,24.0,25.0,1.24,0.8115183246073298,3.1,1.1518324607329842,1
37.3,Clear,21.2,1009.0,0.0,35,25,38.7,10.0,9.5,24.4,610.85,62.0,13.65,6.85,32.55,36.85,2,3,Waning Crescent,26,2026,4,13,14,2026-04,Hot,19.85,19.1,11.9,31.0,25.0,1.4,0.9383378016085792,3.5,1.150943396226415,1
39.3,Clear,22.7,1008.0,0.0,31,25,42.4,10.0,9.7,26.1,566.85,64.0,10.15,5.05,24.35,28.65,2,3,Waning Crescent,17,2026,4,14,14,2026-04,Hot,32.55,21.2,9.5,35.0,25.0,1.24,0.7888040712468194,3.1,1.1497797356828194,1
37.1,Clear,19.1,1008.0,0.0,48,25,40.8,10.0,11.6,22.0,533.85,59.0,8.55,4.45,19.65,21.85,2,2,Waning Crescent,10,2026,4,15,13,2026-04,Hot,24.35,22.7,9.7,31.0,25.0,1.92,1.2938005390835579,4.8,1.1518324607329842,1
38.3,Clear,19.8,1007.0,0.0,45,25,43.9,10.0,11.5,22.8,406.85,60.0,9.15,4.45,17.35,19.85,2,2,Waning Crescent,4,2026,4,16,13,2026-04,Hot,19.65,19.1,11.6,48.0,25.0,1.8,1.174934725848564,4.5,1.1515151515151516,1
36.1,Cloudy,22.3,1008.0,0.0,50,50,40.2,10.0,11.8,25.7,444.85,61.0,8.75,4.45,23.45,26.45,2,2,New Moon,1,2026,4,17,13,2026-04,Hot,17.35,19.8,11.5,45.0,25.0,1.0,1.3850415512465373,5.0,1.1524663677130045,1
38.0,Clear,19.4,1007.0,0.0,45,25,44.6,10.0,11.3,22.4,425.85,61.0,8.95,4.75,24.85,27.55,2,3,Waxing Crescent,0,2026,4,18,13,2026-04,Hot,23.45,22.3,11.8,50.0,50.0,1.8,1.1842105263157894,4.5,1.154639175257732,1
36.3,Clear,22.0,1008.0,0.0,50,25,40.3,10.0,11.0,25.3,441.85,63.0,8.75,5.05,15.25,17.95,1,2,Waxing Crescent,2,2026,4,19,13,2026-04,Hot,24.85,19.4,11.3,45.0,25.0,2.0,1.3774104683195594,5.0,1.1500000000000001,1
37.1,Clear,19.1,1008.0,0.0,45,25,40.0,10.0,10.1,22.0,478.85,61.0,9.05,4.65,16.85,18.95,2,2,Waxing Crescent,7,2026,4,20,13,2026-04,Hot,15.25,22.0,11.0,50.0,25.0,1.8,1.2129380053908356,4.5,1.1518324607329842,1
36.2,Cloudy,18.0,1007.0,0.0,45,50,39.3,10.0,10.1,20.7,533.85,64.0,8.75,4.55,20.25,22.05,2,2,Waxing Crescent,15,2026,4,21,13,2026-04,Hot,16.85,19.1,10.1,45.0,25.0,0.9,1.2430939226519335,4.5,1.15,1
37.2,Cloudy,20.5,1007.0,0.0,42,50,42.8,10.0,10.5,23.6,465.85,64.0,8.55,4.55,18.95,22.75,2,2,Waxing Crescent,24,2026,4,22,13,2026-04,Hot,20.25,18.0,10.1,45.0,50.0,0.84,1.129032258064516,4.2,1.151219512195122,1
36.2,Cloudy,23.4,1006.0,0.0,53,25,42.6,10.0,11.0,26.9,460.85,67.0,9.35,5.15,23.65,28.05,2,2,Waxing Crescent,34,2026,4,23,13,2026-04,Hot,18.95,20.5,10.5,42.0,50.0,2.12,1.4640883977900552,5.3,1.1495726495726495,1
35.4,Cloudy,20.2,1007.0,0.0,56,50,40.2,10.0,11.1,23.2,518.85,63.0,7.85,4.35,18.55,21.25,2,2,First Quarter,46,2026,4,24,13,2026-04,Hot,23.65,23.4,11.0,53.0,25.0,1.12,1.5819209039548023,5.6,1.1485148514851484,1
33.1,Rain,18.7,1010.0,0.01,59,25,35.0,10.0,10.4,21.5,439.85,79.0,7.95,4.45,12.05,14.55,1,2,Waxing Gibbous,57,2026,4,25,13,2026-04,Hot,18.55,20.2,11.1,56.0,50.0,2.36,1.782477341389728,5.9,1.1497326203208558,1
33.1,Cloudy,16.9,1010.0,0.0,59,50,34.3,10.0,10.9,19.5,557.85,76.0,13.45,7.95,18.85,22.15,2,2,Waxing Gibbous,67,2026,4,26,13,2026-04,Hot,12.05,18.7,10.4,59.0,25.0,1.18,1.782477341389728,5.9,1.153846153846154,1
37.4,Clear,19.8,1008.0,0.0,42,25,41.5,10.0,11.0,22.8,531.85,81.0,8.05,4.15,12.45,14.85,1,2,Waxing Gibbous,77,2026,4,27,13,2026-04,Hot,18.85,16.9,10.9,59.0,50.0,1.68,1.1229946524064172,4.2,1.1515151515151516,1
37.3,Cloudy,20.9,1007.0,0.0,42,50,41.8,10.0,11.2,24.0,397.85,61.0,7.95,4.35,10.15,12.45,1,1,Waxing Gibbous,85,2026,4,28,13,2026-04,Hot,12.45,19.8,11.0,42.0,25.0,0.84,1.126005361930295,4.2,1.1483253588516746,1
38.4,Clear,16.2,1008.0,0.0,33,25,41.9,10.0,11.3,18.6,510.85,59.0,9.15,5.15,14.55,16.25,1,2,Waxing Gibbous,91,2026,4,29,13,2026-04,Hot,10.15,20.9,11.2,42.0,50.0,1.32,0.859375,3.3,1.1481481481481484,1
31.3,Rain,17.6,1010.0,0.06,66,25,31.4,10.0,11.3,20.5,608.85,56.0,10.35,5.95,13.25,15.75,1,2,Waxing Gibbous,96,2026,4,30,13,2026-04,Hot,14.55,16.2,11.3,33.0,25.0,2.64,2.108626198083067,6.6,1.164772727272727,1
24.2,Thunder,20.5,1011.0,0.0,94,75,24.8,0.4,11.4,23.6,587.85,48.0,26.55,14.55,26.55,28.65,2,3,Waxing Gibbous,99,2026,5,1,13,2026-05,Hot,13.25,17.6,11.3,66.0,25.0,1.2533333333333334,3.884297520661157,235.0,1.151219512195122,1
36.3,Cloudy,20.5,1009.0,0.0,45,50,39.1,10.0,11.4,23.6,887.85,57.0,13.95,7.25,23.75,24.25,2,2,Full Moon,100,2026,5,2,13,2026-05,Hot,26.55,20.5,11.4,94.0,75.0,0.9,1.2396694214876034,4.5,1.151219512195122,1
35.1,Thunder,18.4,1008.0,0.0,50,50,36.8,10.0,11.0,21.1,514.85,46.0,9.55,5.15,10.85,11.95,1,1,Waning Gibbous,99,2026,5,3,13,2026-05,Hot,23.75,20.5,11.4,45.0,50.0,1.0,1.4245014245014245,5.0,1.1467391304347827,1
